INSERT INTO WORLD(WORLD_ID, NAME) VALUES (666, 'World');


INSERT INTO COUNTRY(COUNTRY_ID, NAME, WORLD_ID) VALUES(0, 'Afghanistan', 666);
INSERT INTO COUNTRY(COUNTRY_ID, NAME, WORLD_ID) VALUES(1, 'Åland Islands', 666);
INSERT INTO COUNTRY(COUNTRY_ID, NAME, WORLD_ID) VALUES(2, 'Albania', 666);
INSERT INTO COUNTRY(COUNTRY_ID, NAME, WORLD_ID) VALUES(3, 'Algeria', 666);
INSERT INTO COUNTRY(COUNTRY_ID, NAME, WORLD_ID) VALUES(4, 'American Samoa', 666);
INSERT INTO COUNTRY(COUNTRY_ID, NAME, WORLD_ID) VALUES(5, 'Andorra', 666);
INSERT INTO COUNTRY(COUNTRY_ID, NAME, WORLD_ID) VALUES(6, 'Angola', 666);
INSERT INTO COUNTRY(COUNTRY_ID, NAME, WORLD_ID) VALUES(7, 'Anguilla', 666);
INSERT INTO COUNTRY(COUNTRY_ID, NAME, WORLD_ID) VALUES(8, 'Antarctica', 666);
INSERT INTO COUNTRY(COUNTRY_ID, NAME, WORLD_ID) VALUES(9, 'Antigua and Barbuda', 666);
INSERT INTO COUNTRY(COUNTRY_ID, NAME, WORLD_ID) VALUES(10, 'Argentina', 666);
INSERT INTO COUNTRY(COUNTRY_ID, NAME, WORLD_ID) VALUES(11, 'Armenia', 666);
INSERT INTO COUNTRY(COUNTRY_ID, NAME, WORLD_ID) VALUES(12, 'Aruba', 666);
INSERT INTO COUNTRY(COUNTRY_ID, NAME, WORLD_ID) VALUES(13, 'Australia', 666);
INSERT INTO COUNTRY(COUNTRY_ID, NAME, WORLD_ID) VALUES(14, 'Austria', 666);
INSERT INTO COUNTRY(COUNTRY_ID, NAME, WORLD_ID) VALUES(15, 'Azerbaijan', 666);
INSERT INTO COUNTRY(COUNTRY_ID, NAME, WORLD_ID) VALUES(16, 'Bahamas', 666);
INSERT INTO COUNTRY(COUNTRY_ID, NAME, WORLD_ID) VALUES(17, 'Bahrain', 666);
INSERT INTO COUNTRY(COUNTRY_ID, NAME, WORLD_ID) VALUES(18, 'Bangladesh', 666);
INSERT INTO COUNTRY(COUNTRY_ID, NAME, WORLD_ID) VALUES(19, 'Barbados', 666);
INSERT INTO COUNTRY(COUNTRY_ID, NAME, WORLD_ID) VALUES(20, 'Belarus', 666);
INSERT INTO COUNTRY(COUNTRY_ID, NAME, WORLD_ID) VALUES(21, 'Belgium', 666);
INSERT INTO COUNTRY(COUNTRY_ID, NAME, WORLD_ID) VALUES(22, 'Belize', 666);
INSERT INTO COUNTRY(COUNTRY_ID, NAME, WORLD_ID) VALUES(23, 'Benin', 666);
INSERT INTO COUNTRY(COUNTRY_ID, NAME, WORLD_ID) VALUES(24, 'Bermuda', 666);
INSERT INTO COUNTRY(COUNTRY_ID, NAME, WORLD_ID) VALUES(25, 'Bhutan', 666);
INSERT INTO COUNTRY(COUNTRY_ID, NAME, WORLD_ID) VALUES(26, 'Bolivia', 666);
INSERT INTO COUNTRY(COUNTRY_ID, NAME, WORLD_ID) VALUES(27, 'Bonaire', 666);
INSERT INTO COUNTRY(COUNTRY_ID, NAME, WORLD_ID) VALUES(28, 'Bosnia and Herzegovina', 666);
INSERT INTO COUNTRY(COUNTRY_ID, NAME, WORLD_ID) VALUES(29, 'Botswana', 666);
INSERT INTO COUNTRY(COUNTRY_ID, NAME, WORLD_ID) VALUES(30, 'Bouvet Island', 666);
INSERT INTO COUNTRY(COUNTRY_ID, NAME, WORLD_ID) VALUES(31, 'Brazil', 666);
INSERT INTO COUNTRY(COUNTRY_ID, NAME, WORLD_ID) VALUES(32, 'British Indian Ocean Territory', 666);
INSERT INTO COUNTRY(COUNTRY_ID, NAME, WORLD_ID) VALUES(33, 'British Virgin Islands', 666);
INSERT INTO COUNTRY(COUNTRY_ID, NAME, WORLD_ID) VALUES(34, 'Brunei', 666);
INSERT INTO COUNTRY(COUNTRY_ID, NAME, WORLD_ID) VALUES(35, 'Bulgaria', 666);
INSERT INTO COUNTRY(COUNTRY_ID, NAME, WORLD_ID) VALUES(36, 'Burkina Faso', 666);
INSERT INTO COUNTRY(COUNTRY_ID, NAME, WORLD_ID) VALUES(37, 'Burundi', 666);
INSERT INTO COUNTRY(COUNTRY_ID, NAME, WORLD_ID) VALUES(38, 'Cambodia', 666);
INSERT INTO COUNTRY(COUNTRY_ID, NAME, WORLD_ID) VALUES(39, 'Cameroon', 666);
INSERT INTO COUNTRY(COUNTRY_ID, NAME, WORLD_ID) VALUES(40, 'Canada', 666);
INSERT INTO COUNTRY(COUNTRY_ID, NAME, WORLD_ID) VALUES(41, 'Cape Verde', 666);
INSERT INTO COUNTRY(COUNTRY_ID, NAME, WORLD_ID) VALUES(42, 'Cayman Islands', 666);
INSERT INTO COUNTRY(COUNTRY_ID, NAME, WORLD_ID) VALUES(43, 'Central African Republic', 666);
INSERT INTO COUNTRY(COUNTRY_ID, NAME, WORLD_ID) VALUES(44, 'Chad', 666);
INSERT INTO COUNTRY(COUNTRY_ID, NAME, WORLD_ID) VALUES(45, 'Chile', 666);
INSERT INTO COUNTRY(COUNTRY_ID, NAME, WORLD_ID) VALUES(46, 'China', 666);
INSERT INTO COUNTRY(COUNTRY_ID, NAME, WORLD_ID) VALUES(47, 'Christmas Island', 666);
INSERT INTO COUNTRY(COUNTRY_ID, NAME, WORLD_ID) VALUES(48, 'Cocos (Keeling) Islands', 666);
INSERT INTO COUNTRY(COUNTRY_ID, NAME, WORLD_ID) VALUES(49, 'Colombia', 666);
INSERT INTO COUNTRY(COUNTRY_ID, NAME, WORLD_ID) VALUES(50, 'Comoros', 666);
INSERT INTO COUNTRY(COUNTRY_ID, NAME, WORLD_ID) VALUES(51, 'Republic of the Congo', 666);
INSERT INTO COUNTRY(COUNTRY_ID, NAME, WORLD_ID) VALUES(52, 'DR Congo', 666);
INSERT INTO COUNTRY(COUNTRY_ID, NAME, WORLD_ID) VALUES(53, 'Cook Islands', 666);
INSERT INTO COUNTRY(COUNTRY_ID, NAME, WORLD_ID) VALUES(54, 'Costa Rica', 666);
INSERT INTO COUNTRY(COUNTRY_ID, NAME, WORLD_ID) VALUES(55, 'Croatia', 666);
INSERT INTO COUNTRY(COUNTRY_ID, NAME, WORLD_ID) VALUES(56, 'Cuba', 666);
INSERT INTO COUNTRY(COUNTRY_ID, NAME, WORLD_ID) VALUES(57, 'Curaçao', 666);
INSERT INTO COUNTRY(COUNTRY_ID, NAME, WORLD_ID) VALUES(58, 'Cyprus', 666);
INSERT INTO COUNTRY(COUNTRY_ID, NAME, WORLD_ID) VALUES(59, 'Czech Republic', 666);
INSERT INTO COUNTRY(COUNTRY_ID, NAME, WORLD_ID) VALUES(60, 'Denmark', 666);
INSERT INTO COUNTRY(COUNTRY_ID, NAME, WORLD_ID) VALUES(61, 'Djibouti', 666);
INSERT INTO COUNTRY(COUNTRY_ID, NAME, WORLD_ID) VALUES(62, 'Dominica', 666);
INSERT INTO COUNTRY(COUNTRY_ID, NAME, WORLD_ID) VALUES(63, 'Dominican Republic', 666);
INSERT INTO COUNTRY(COUNTRY_ID, NAME, WORLD_ID) VALUES(64, 'Ecuador', 666);
INSERT INTO COUNTRY(COUNTRY_ID, NAME, WORLD_ID) VALUES(65, 'Egypt', 666);
INSERT INTO COUNTRY(COUNTRY_ID, NAME, WORLD_ID) VALUES(66, 'El Salvador', 666);
INSERT INTO COUNTRY(COUNTRY_ID, NAME, WORLD_ID) VALUES(67, 'Equatorial Guinea', 666);
INSERT INTO COUNTRY(COUNTRY_ID, NAME, WORLD_ID) VALUES(68, 'Eritrea', 666);
INSERT INTO COUNTRY(COUNTRY_ID, NAME, WORLD_ID) VALUES(69, 'Estonia', 666);
INSERT INTO COUNTRY(COUNTRY_ID, NAME, WORLD_ID) VALUES(70, 'Ethiopia', 666);
INSERT INTO COUNTRY(COUNTRY_ID, NAME, WORLD_ID) VALUES(71, 'Falkland Islands', 666);
INSERT INTO COUNTRY(COUNTRY_ID, NAME, WORLD_ID) VALUES(72, 'Faroe Islands', 666);
INSERT INTO COUNTRY(COUNTRY_ID, NAME, WORLD_ID) VALUES(73, 'Fiji', 666);
INSERT INTO COUNTRY(COUNTRY_ID, NAME, WORLD_ID) VALUES(74, 'Finland', 666);
INSERT INTO COUNTRY(COUNTRY_ID, NAME, WORLD_ID) VALUES(75, 'France', 666);
INSERT INTO COUNTRY(COUNTRY_ID, NAME, WORLD_ID) VALUES(76, 'French Guiana', 666);
INSERT INTO COUNTRY(COUNTRY_ID, NAME, WORLD_ID) VALUES(77, 'French Polynesia', 666);
INSERT INTO COUNTRY(COUNTRY_ID, NAME, WORLD_ID) VALUES(78, 'French Southern and Antarctic Lands', 666);
INSERT INTO COUNTRY(COUNTRY_ID, NAME, WORLD_ID) VALUES(79, 'Gabon', 666);
INSERT INTO COUNTRY(COUNTRY_ID, NAME, WORLD_ID) VALUES(80, 'Gambia', 666);
INSERT INTO COUNTRY(COUNTRY_ID, NAME, WORLD_ID) VALUES(81, 'Georgia', 666);
INSERT INTO COUNTRY(COUNTRY_ID, NAME, WORLD_ID) VALUES(82, 'Germany', 666);
INSERT INTO COUNTRY(COUNTRY_ID, NAME, WORLD_ID) VALUES(83, 'Ghana', 666);
INSERT INTO COUNTRY(COUNTRY_ID, NAME, WORLD_ID) VALUES(84, 'Gibraltar', 666);
INSERT INTO COUNTRY(COUNTRY_ID, NAME, WORLD_ID) VALUES(85, 'Greece', 666);
INSERT INTO COUNTRY(COUNTRY_ID, NAME, WORLD_ID) VALUES(86, 'Greenland', 666);
INSERT INTO COUNTRY(COUNTRY_ID, NAME, WORLD_ID) VALUES(87, 'Grenada', 666);
INSERT INTO COUNTRY(COUNTRY_ID, NAME, WORLD_ID) VALUES(88, 'Guadeloupe', 666);
INSERT INTO COUNTRY(COUNTRY_ID, NAME, WORLD_ID) VALUES(89, 'Guam', 666);
INSERT INTO COUNTRY(COUNTRY_ID, NAME, WORLD_ID) VALUES(90, 'Guatemala', 666);
INSERT INTO COUNTRY(COUNTRY_ID, NAME, WORLD_ID) VALUES(91, 'Guernsey', 666);
INSERT INTO COUNTRY(COUNTRY_ID, NAME, WORLD_ID) VALUES(92, 'Guinea', 666);
INSERT INTO COUNTRY(COUNTRY_ID, NAME, WORLD_ID) VALUES(93, 'Guinea-Bissau', 666);
INSERT INTO COUNTRY(COUNTRY_ID, NAME, WORLD_ID) VALUES(94, 'Guyana', 666);
INSERT INTO COUNTRY(COUNTRY_ID, NAME, WORLD_ID) VALUES(95, 'Haiti', 666);
INSERT INTO COUNTRY(COUNTRY_ID, NAME, WORLD_ID) VALUES(96, 'Heard Island and McDonald Islands', 666);
INSERT INTO COUNTRY(COUNTRY_ID, NAME, WORLD_ID) VALUES(97, 'Vatican City', 666);
INSERT INTO COUNTRY(COUNTRY_ID, NAME, WORLD_ID) VALUES(98, 'Honduras', 666);
INSERT INTO COUNTRY(COUNTRY_ID, NAME, WORLD_ID) VALUES(99, 'Hong Kong', 666);
INSERT INTO COUNTRY(COUNTRY_ID, NAME, WORLD_ID) VALUES(100, 'Hungary', 666);
INSERT INTO COUNTRY(COUNTRY_ID, NAME, WORLD_ID) VALUES(101, 'Iceland', 666);
INSERT INTO COUNTRY(COUNTRY_ID, NAME, WORLD_ID) VALUES(102, 'India', 666);
INSERT INTO COUNTRY(COUNTRY_ID, NAME, WORLD_ID) VALUES(103, 'Indonesia', 666);
INSERT INTO COUNTRY(COUNTRY_ID, NAME, WORLD_ID) VALUES(104, 'Ivory Coast', 666);
INSERT INTO COUNTRY(COUNTRY_ID, NAME, WORLD_ID) VALUES(105, 'Iran', 666);
INSERT INTO COUNTRY(COUNTRY_ID, NAME, WORLD_ID) VALUES(106, 'Iraq', 666);
INSERT INTO COUNTRY(COUNTRY_ID, NAME, WORLD_ID) VALUES(107, 'Ireland', 666);
INSERT INTO COUNTRY(COUNTRY_ID, NAME, WORLD_ID) VALUES(108, 'Isle of Man', 666);
INSERT INTO COUNTRY(COUNTRY_ID, NAME, WORLD_ID) VALUES(109, 'Israel', 666);
INSERT INTO COUNTRY(COUNTRY_ID, NAME, WORLD_ID) VALUES(110, 'Italy', 666);
INSERT INTO COUNTRY(COUNTRY_ID, NAME, WORLD_ID) VALUES(111, 'Jamaica', 666);
INSERT INTO COUNTRY(COUNTRY_ID, NAME, WORLD_ID) VALUES(112, 'Japan', 666);
INSERT INTO COUNTRY(COUNTRY_ID, NAME, WORLD_ID) VALUES(113, 'Jersey', 666);
INSERT INTO COUNTRY(COUNTRY_ID, NAME, WORLD_ID) VALUES(114, 'Jordan', 666);
INSERT INTO COUNTRY(COUNTRY_ID, NAME, WORLD_ID) VALUES(115, 'Kazakhstan', 666);
INSERT INTO COUNTRY(COUNTRY_ID, NAME, WORLD_ID) VALUES(116, 'Kenya', 666);
INSERT INTO COUNTRY(COUNTRY_ID, NAME, WORLD_ID) VALUES(117, 'Kiribati', 666);
INSERT INTO COUNTRY(COUNTRY_ID, NAME, WORLD_ID) VALUES(118, 'Kuwait', 666);
INSERT INTO COUNTRY(COUNTRY_ID, NAME, WORLD_ID) VALUES(119, 'Kyrgyzstan', 666);
INSERT INTO COUNTRY(COUNTRY_ID, NAME, WORLD_ID) VALUES(120, 'Laos', 666);
INSERT INTO COUNTRY(COUNTRY_ID, NAME, WORLD_ID) VALUES(121, 'Latvia', 666);
INSERT INTO COUNTRY(COUNTRY_ID, NAME, WORLD_ID) VALUES(122, 'Lebanon', 666);
INSERT INTO COUNTRY(COUNTRY_ID, NAME, WORLD_ID) VALUES(123, 'Lesotho', 666);
INSERT INTO COUNTRY(COUNTRY_ID, NAME, WORLD_ID) VALUES(124, 'Liberia', 666);
INSERT INTO COUNTRY(COUNTRY_ID, NAME, WORLD_ID) VALUES(125, 'Libya', 666);
INSERT INTO COUNTRY(COUNTRY_ID, NAME, WORLD_ID) VALUES(126, 'Liechtenstein', 666);
INSERT INTO COUNTRY(COUNTRY_ID, NAME, WORLD_ID) VALUES(127, 'Lithuania', 666);
INSERT INTO COUNTRY(COUNTRY_ID, NAME, WORLD_ID) VALUES(128, 'Luxembourg', 666);
INSERT INTO COUNTRY(COUNTRY_ID, NAME, WORLD_ID) VALUES(129, 'Macau', 666);
INSERT INTO COUNTRY(COUNTRY_ID, NAME, WORLD_ID) VALUES(130, 'Macedonia', 666);
INSERT INTO COUNTRY(COUNTRY_ID, NAME, WORLD_ID) VALUES(131, 'Madagascar', 666);
INSERT INTO COUNTRY(COUNTRY_ID, NAME, WORLD_ID) VALUES(132, 'Malawi', 666);
INSERT INTO COUNTRY(COUNTRY_ID, NAME, WORLD_ID) VALUES(133, 'Malaysia', 666);
INSERT INTO COUNTRY(COUNTRY_ID, NAME, WORLD_ID) VALUES(134, 'Maldives', 666);
INSERT INTO COUNTRY(COUNTRY_ID, NAME, WORLD_ID) VALUES(135, 'Mali', 666);
INSERT INTO COUNTRY(COUNTRY_ID, NAME, WORLD_ID) VALUES(136, 'Malta', 666);
INSERT INTO COUNTRY(COUNTRY_ID, NAME, WORLD_ID) VALUES(137, 'Marshall Islands', 666);
INSERT INTO COUNTRY(COUNTRY_ID, NAME, WORLD_ID) VALUES(138, 'Martinique', 666);
INSERT INTO COUNTRY(COUNTRY_ID, NAME, WORLD_ID) VALUES(139, 'Mauritania', 666);
INSERT INTO COUNTRY(COUNTRY_ID, NAME, WORLD_ID) VALUES(140, 'Mauritius', 666);
INSERT INTO COUNTRY(COUNTRY_ID, NAME, WORLD_ID) VALUES(141, 'Mayotte', 666);
INSERT INTO COUNTRY(COUNTRY_ID, NAME, WORLD_ID) VALUES(142, 'Mexico', 666);
INSERT INTO COUNTRY(COUNTRY_ID, NAME, WORLD_ID) VALUES(143, 'Micronesia', 666);
INSERT INTO COUNTRY(COUNTRY_ID, NAME, WORLD_ID) VALUES(144, 'Moldova', 666);
INSERT INTO COUNTRY(COUNTRY_ID, NAME, WORLD_ID) VALUES(145, 'Monaco', 666);
INSERT INTO COUNTRY(COUNTRY_ID, NAME, WORLD_ID) VALUES(146, 'Mongolia', 666);
INSERT INTO COUNTRY(COUNTRY_ID, NAME, WORLD_ID) VALUES(147, 'Montenegro', 666);
INSERT INTO COUNTRY(COUNTRY_ID, NAME, WORLD_ID) VALUES(148, 'Montserrat', 666);
INSERT INTO COUNTRY(COUNTRY_ID, NAME, WORLD_ID) VALUES(149, 'Morocco', 666);
INSERT INTO COUNTRY(COUNTRY_ID, NAME, WORLD_ID) VALUES(150, 'Mozambique', 666);
INSERT INTO COUNTRY(COUNTRY_ID, NAME, WORLD_ID) VALUES(151, 'Myanmar', 666);
INSERT INTO COUNTRY(COUNTRY_ID, NAME, WORLD_ID) VALUES(152, 'Namibia', 666);
INSERT INTO COUNTRY(COUNTRY_ID, NAME, WORLD_ID) VALUES(153, 'Nauru', 666);
INSERT INTO COUNTRY(COUNTRY_ID, NAME, WORLD_ID) VALUES(154, 'Nepal', 666);
INSERT INTO COUNTRY(COUNTRY_ID, NAME, WORLD_ID) VALUES(155, 'Netherlands', 666);
INSERT INTO COUNTRY(COUNTRY_ID, NAME, WORLD_ID) VALUES(156, 'New Caledonia', 666);
INSERT INTO COUNTRY(COUNTRY_ID, NAME, WORLD_ID) VALUES(157, 'New Zealand', 666);
INSERT INTO COUNTRY(COUNTRY_ID, NAME, WORLD_ID) VALUES(158, 'Nicaragua', 666);
INSERT INTO COUNTRY(COUNTRY_ID, NAME, WORLD_ID) VALUES(159, 'Niger', 666);
INSERT INTO COUNTRY(COUNTRY_ID, NAME, WORLD_ID) VALUES(160, 'Nigeria', 666);
INSERT INTO COUNTRY(COUNTRY_ID, NAME, WORLD_ID) VALUES(161, 'Niue', 666);
INSERT INTO COUNTRY(COUNTRY_ID, NAME, WORLD_ID) VALUES(162, 'Norfolk Island', 666);
INSERT INTO COUNTRY(COUNTRY_ID, NAME, WORLD_ID) VALUES(163, 'North Korea', 666);
INSERT INTO COUNTRY(COUNTRY_ID, NAME, WORLD_ID) VALUES(164, 'Northern Mariana Islands', 666);
INSERT INTO COUNTRY(COUNTRY_ID, NAME, WORLD_ID) VALUES(165, 'Norway', 666);
INSERT INTO COUNTRY(COUNTRY_ID, NAME, WORLD_ID) VALUES(166, 'Oman', 666);
INSERT INTO COUNTRY(COUNTRY_ID, NAME, WORLD_ID) VALUES(167, 'Pakistan', 666);
INSERT INTO COUNTRY(COUNTRY_ID, NAME, WORLD_ID) VALUES(168, 'Palau', 666);
INSERT INTO COUNTRY(COUNTRY_ID, NAME, WORLD_ID) VALUES(169, 'Palestine', 666);
INSERT INTO COUNTRY(COUNTRY_ID, NAME, WORLD_ID) VALUES(170, 'Panama', 666);
INSERT INTO COUNTRY(COUNTRY_ID, NAME, WORLD_ID) VALUES(171, 'Papua New Guinea', 666);
INSERT INTO COUNTRY(COUNTRY_ID, NAME, WORLD_ID) VALUES(172, 'Paraguay', 666);
INSERT INTO COUNTRY(COUNTRY_ID, NAME, WORLD_ID) VALUES(173, 'Peru', 666);
INSERT INTO COUNTRY(COUNTRY_ID, NAME, WORLD_ID) VALUES(174, 'Philippines', 666);
INSERT INTO COUNTRY(COUNTRY_ID, NAME, WORLD_ID) VALUES(175, 'Pitcairn Islands', 666);
INSERT INTO COUNTRY(COUNTRY_ID, NAME, WORLD_ID) VALUES(176, 'Poland', 666);
INSERT INTO COUNTRY(COUNTRY_ID, NAME, WORLD_ID) VALUES(177, 'Portugal', 666);
INSERT INTO COUNTRY(COUNTRY_ID, NAME, WORLD_ID) VALUES(178, 'Puerto Rico', 666);
INSERT INTO COUNTRY(COUNTRY_ID, NAME, WORLD_ID) VALUES(179, 'Qatar', 666);
INSERT INTO COUNTRY(COUNTRY_ID, NAME, WORLD_ID) VALUES(180, 'Kosovo', 666);
INSERT INTO COUNTRY(COUNTRY_ID, NAME, WORLD_ID) VALUES(181, 'Réunion', 666);
INSERT INTO COUNTRY(COUNTRY_ID, NAME, WORLD_ID) VALUES(182, 'Romania', 666);
INSERT INTO COUNTRY(COUNTRY_ID, NAME, WORLD_ID) VALUES(183, 'Russia', 666);
INSERT INTO COUNTRY(COUNTRY_ID, NAME, WORLD_ID) VALUES(184, 'Rwanda', 666);
INSERT INTO COUNTRY(COUNTRY_ID, NAME, WORLD_ID) VALUES(185, 'Saint Barthélemy', 666);
INSERT INTO COUNTRY(COUNTRY_ID, NAME, WORLD_ID) VALUES(186, 'Saint Helena, Ascension and Tristan da Cunha', 666);
INSERT INTO COUNTRY(COUNTRY_ID, NAME, WORLD_ID) VALUES(187, 'Saint Kitts and Nevis', 666);
INSERT INTO COUNTRY(COUNTRY_ID, NAME, WORLD_ID) VALUES(188, 'Saint Lucia', 666);
INSERT INTO COUNTRY(COUNTRY_ID, NAME, WORLD_ID) VALUES(189, 'Saint Martin', 666);
INSERT INTO COUNTRY(COUNTRY_ID, NAME, WORLD_ID) VALUES(190, 'Saint Pierre and Miquelon', 666);
INSERT INTO COUNTRY(COUNTRY_ID, NAME, WORLD_ID) VALUES(191, 'Saint Vincent and the Grenadines', 666);
INSERT INTO COUNTRY(COUNTRY_ID, NAME, WORLD_ID) VALUES(192, 'Samoa', 666);
INSERT INTO COUNTRY(COUNTRY_ID, NAME, WORLD_ID) VALUES(193, 'San Marino', 666);
INSERT INTO COUNTRY(COUNTRY_ID, NAME, WORLD_ID) VALUES(194, 'São Tomé and Príncipe', 666);
INSERT INTO COUNTRY(COUNTRY_ID, NAME, WORLD_ID) VALUES(195, 'Saudi Arabia', 666);
INSERT INTO COUNTRY(COUNTRY_ID, NAME, WORLD_ID) VALUES(196, 'Senegal', 666);
INSERT INTO COUNTRY(COUNTRY_ID, NAME, WORLD_ID) VALUES(197, 'Serbia', 666);
INSERT INTO COUNTRY(COUNTRY_ID, NAME, WORLD_ID) VALUES(198, 'Seychelles', 666);
INSERT INTO COUNTRY(COUNTRY_ID, NAME, WORLD_ID) VALUES(199, 'Sierra Leone', 666);
INSERT INTO COUNTRY(COUNTRY_ID, NAME, WORLD_ID) VALUES(200, 'Singapore', 666);
INSERT INTO COUNTRY(COUNTRY_ID, NAME, WORLD_ID) VALUES(201, 'Sint Maarten', 666);
INSERT INTO COUNTRY(COUNTRY_ID, NAME, WORLD_ID) VALUES(202, 'Slovakia', 666);
INSERT INTO COUNTRY(COUNTRY_ID, NAME, WORLD_ID) VALUES(203, 'Slovenia', 666);
INSERT INTO COUNTRY(COUNTRY_ID, NAME, WORLD_ID) VALUES(204, 'Solomon Islands', 666);
INSERT INTO COUNTRY(COUNTRY_ID, NAME, WORLD_ID) VALUES(205, 'Somalia', 666);
INSERT INTO COUNTRY(COUNTRY_ID, NAME, WORLD_ID) VALUES(206, 'South Africa', 666);
INSERT INTO COUNTRY(COUNTRY_ID, NAME, WORLD_ID) VALUES(207, 'South Georgia', 666);
INSERT INTO COUNTRY(COUNTRY_ID, NAME, WORLD_ID) VALUES(208, 'South Korea', 666);
INSERT INTO COUNTRY(COUNTRY_ID, NAME, WORLD_ID) VALUES(209, 'South Sudan', 666);
INSERT INTO COUNTRY(COUNTRY_ID, NAME, WORLD_ID) VALUES(210, 'Spain', 666);
INSERT INTO COUNTRY(COUNTRY_ID, NAME, WORLD_ID) VALUES(211, 'Sri Lanka', 666);
INSERT INTO COUNTRY(COUNTRY_ID, NAME, WORLD_ID) VALUES(212, 'Sudan', 666);
INSERT INTO COUNTRY(COUNTRY_ID, NAME, WORLD_ID) VALUES(213, 'Suriname', 666);
INSERT INTO COUNTRY(COUNTRY_ID, NAME, WORLD_ID) VALUES(214, 'Svalbard and Jan Mayen', 666);
INSERT INTO COUNTRY(COUNTRY_ID, NAME, WORLD_ID) VALUES(215, 'Swaziland', 666);
INSERT INTO COUNTRY(COUNTRY_ID, NAME, WORLD_ID) VALUES(216, 'Sweden', 666);
INSERT INTO COUNTRY(COUNTRY_ID, NAME, WORLD_ID) VALUES(217, 'Switzerland', 666);
INSERT INTO COUNTRY(COUNTRY_ID, NAME, WORLD_ID) VALUES(218, 'Syria', 666);
INSERT INTO COUNTRY(COUNTRY_ID, NAME, WORLD_ID) VALUES(219, 'Taiwan', 666);
INSERT INTO COUNTRY(COUNTRY_ID, NAME, WORLD_ID) VALUES(220, 'Tajikistan', 666);
INSERT INTO COUNTRY(COUNTRY_ID, NAME, WORLD_ID) VALUES(221, 'Tanzania', 666);
INSERT INTO COUNTRY(COUNTRY_ID, NAME, WORLD_ID) VALUES(222, 'Thailand', 666);
INSERT INTO COUNTRY(COUNTRY_ID, NAME, WORLD_ID) VALUES(223, 'Timor-Leste', 666);
INSERT INTO COUNTRY(COUNTRY_ID, NAME, WORLD_ID) VALUES(224, 'Togo', 666);
INSERT INTO COUNTRY(COUNTRY_ID, NAME, WORLD_ID) VALUES(225, 'Tokelau', 666);
INSERT INTO COUNTRY(COUNTRY_ID, NAME, WORLD_ID) VALUES(226, 'Tonga', 666);
INSERT INTO COUNTRY(COUNTRY_ID, NAME, WORLD_ID) VALUES(227, 'Trinidad and Tobago', 666);
INSERT INTO COUNTRY(COUNTRY_ID, NAME, WORLD_ID) VALUES(228, 'Tunisia', 666);
INSERT INTO COUNTRY(COUNTRY_ID, NAME, WORLD_ID) VALUES(229, 'Turkey', 666);
INSERT INTO COUNTRY(COUNTRY_ID, NAME, WORLD_ID) VALUES(230, 'Turkmenistan', 666);
INSERT INTO COUNTRY(COUNTRY_ID, NAME, WORLD_ID) VALUES(231, 'Turks and Caicos Islands', 666);
INSERT INTO COUNTRY(COUNTRY_ID, NAME, WORLD_ID) VALUES(232, 'Tuvalu', 666);
INSERT INTO COUNTRY(COUNTRY_ID, NAME, WORLD_ID) VALUES(233, 'Uganda', 666);
INSERT INTO COUNTRY(COUNTRY_ID, NAME, WORLD_ID) VALUES(234, 'Ukraine', 666);
INSERT INTO COUNTRY(COUNTRY_ID, NAME, WORLD_ID) VALUES(235, 'United Arab Emirates', 666);
INSERT INTO COUNTRY(COUNTRY_ID, NAME, WORLD_ID) VALUES(236, 'United Kingdom', 666);
INSERT INTO COUNTRY(COUNTRY_ID, NAME, WORLD_ID) VALUES(237, 'United States', 666);
INSERT INTO COUNTRY(COUNTRY_ID, NAME, WORLD_ID) VALUES(238, 'United States Minor Outlying Islands', 666);
INSERT INTO COUNTRY(COUNTRY_ID, NAME, WORLD_ID) VALUES(239, 'United States Virgin Islands', 666);
INSERT INTO COUNTRY(COUNTRY_ID, NAME, WORLD_ID) VALUES(240, 'Uruguay', 666);
INSERT INTO COUNTRY(COUNTRY_ID, NAME, WORLD_ID) VALUES(241, 'Uzbekistan', 666);
INSERT INTO COUNTRY(COUNTRY_ID, NAME, WORLD_ID) VALUES(242, 'Vanuatu', 666);
INSERT INTO COUNTRY(COUNTRY_ID, NAME, WORLD_ID) VALUES(243, 'Venezuela', 666);
INSERT INTO COUNTRY(COUNTRY_ID, NAME, WORLD_ID) VALUES(244, 'Vietnam', 666);
INSERT INTO COUNTRY(COUNTRY_ID, NAME, WORLD_ID) VALUES(245, 'Wallis and Futuna', 666);
INSERT INTO COUNTRY(COUNTRY_ID, NAME, WORLD_ID) VALUES(246, 'Western Sahara', 666);
INSERT INTO COUNTRY(COUNTRY_ID, NAME, WORLD_ID) VALUES(247, 'Yemen', 666);
INSERT INTO COUNTRY(COUNTRY_ID, NAME, WORLD_ID) VALUES(248, 'Zambia', 666);
INSERT INTO COUNTRY(COUNTRY_ID, NAME, WORLD_ID) VALUES(249, 'Zimbabwe', 666);


INSERT INTO LANGUAGE(LANGUAGE_ID, ACRONYM, NAME) VALUES(0, 'afr', 'Afrikaans');
INSERT INTO LANGUAGE(LANGUAGE_ID, ACRONYM, NAME) VALUES(1, 'amh', 'Amharic');
INSERT INTO LANGUAGE(LANGUAGE_ID, ACRONYM, NAME) VALUES(2, 'ara', 'Arabic');
INSERT INTO LANGUAGE(LANGUAGE_ID, ACRONYM, NAME) VALUES(3, 'arc', 'Aramaic');
INSERT INTO LANGUAGE(LANGUAGE_ID, ACRONYM, NAME) VALUES(4, 'aym', 'Aymara');
INSERT INTO LANGUAGE(LANGUAGE_ID, ACRONYM, NAME) VALUES(5, 'aze', 'Azerbaijani');
INSERT INTO LANGUAGE(LANGUAGE_ID, ACRONYM, NAME) VALUES(6, 'bel', 'Belarusian');
INSERT INTO LANGUAGE(LANGUAGE_ID, ACRONYM, NAME) VALUES(7, 'ben', 'Bengali');
INSERT INTO LANGUAGE(LANGUAGE_ID, ACRONYM, NAME) VALUES(8, 'ber', 'Berber');
INSERT INTO LANGUAGE(LANGUAGE_ID, ACRONYM, NAME) VALUES(9, 'bis', 'Bislama');
INSERT INTO LANGUAGE(LANGUAGE_ID, ACRONYM, NAME) VALUES(10, 'bos', 'Bosnian');
INSERT INTO LANGUAGE(LANGUAGE_ID, ACRONYM, NAME) VALUES(11, 'bul', 'Bulgarian');
INSERT INTO LANGUAGE(LANGUAGE_ID, ACRONYM, NAME) VALUES(12, 'bwg', 'Chibarwe');
INSERT INTO LANGUAGE(LANGUAGE_ID, ACRONYM, NAME) VALUES(13, 'cal', 'Carolinian');
INSERT INTO LANGUAGE(LANGUAGE_ID, ACRONYM, NAME) VALUES(14, 'cat', 'Catalan');
INSERT INTO LANGUAGE(LANGUAGE_ID, ACRONYM, NAME) VALUES(15, 'ces', 'Czech');
INSERT INTO LANGUAGE(LANGUAGE_ID, ACRONYM, NAME) VALUES(16, 'cha', 'Chamorro');
INSERT INTO LANGUAGE(LANGUAGE_ID, ACRONYM, NAME) VALUES(17, 'cmn', 'Mandarin');
INSERT INTO LANGUAGE(LANGUAGE_ID, ACRONYM, NAME) VALUES(18, 'crs', 'Seychellois Creole');
INSERT INTO LANGUAGE(LANGUAGE_ID, ACRONYM, NAME) VALUES(19, 'dan', 'Danish');
INSERT INTO LANGUAGE(LANGUAGE_ID, ACRONYM, NAME) VALUES(20, 'deu', 'German');
INSERT INTO LANGUAGE(LANGUAGE_ID, ACRONYM, NAME) VALUES(21, 'div', 'Maldivian');
INSERT INTO LANGUAGE(LANGUAGE_ID, ACRONYM, NAME) VALUES(22, 'dzo', 'Dzongkha');
INSERT INTO LANGUAGE(LANGUAGE_ID, ACRONYM, NAME) VALUES(23, 'ell', 'Greek');
INSERT INTO LANGUAGE(LANGUAGE_ID, ACRONYM, NAME) VALUES(24, 'eng', 'English');
INSERT INTO LANGUAGE(LANGUAGE_ID, ACRONYM, NAME) VALUES(25, 'est', 'Estonian');
INSERT INTO LANGUAGE(LANGUAGE_ID, ACRONYM, NAME) VALUES(26, 'eus', 'Basque');
INSERT INTO LANGUAGE(LANGUAGE_ID, ACRONYM, NAME) VALUES(27, 'fao', 'Faroese');
INSERT INTO LANGUAGE(LANGUAGE_ID, ACRONYM, NAME) VALUES(28, 'fas', 'Persian');
INSERT INTO LANGUAGE(LANGUAGE_ID, ACRONYM, NAME) VALUES(29, 'fij', 'Fijian');
INSERT INTO LANGUAGE(LANGUAGE_ID, ACRONYM, NAME) VALUES(30, 'fil', 'Filipino');
INSERT INTO LANGUAGE(LANGUAGE_ID, ACRONYM, NAME) VALUES(31, 'fin', 'Finnish');
INSERT INTO LANGUAGE(LANGUAGE_ID, ACRONYM, NAME) VALUES(32, 'fra', 'French');
INSERT INTO LANGUAGE(LANGUAGE_ID, ACRONYM, NAME) VALUES(33, 'gil', 'Gilbertese');
INSERT INTO LANGUAGE(LANGUAGE_ID, ACRONYM, NAME) VALUES(34, 'gle', 'Irish');
INSERT INTO LANGUAGE(LANGUAGE_ID, ACRONYM, NAME) VALUES(35, 'glg', 'Galician');
INSERT INTO LANGUAGE(LANGUAGE_ID, ACRONYM, NAME) VALUES(36, 'glv', 'Manx');
INSERT INTO LANGUAGE(LANGUAGE_ID, ACRONYM, NAME) VALUES(37, 'grn', 'Guaraní');
INSERT INTO LANGUAGE(LANGUAGE_ID, ACRONYM, NAME) VALUES(38, 'hat', 'Haitian Creole');
INSERT INTO LANGUAGE(LANGUAGE_ID, ACRONYM, NAME) VALUES(39, 'heb', 'Hebrew');
INSERT INTO LANGUAGE(LANGUAGE_ID, ACRONYM, NAME) VALUES(40, 'her', 'Herero');
INSERT INTO LANGUAGE(LANGUAGE_ID, ACRONYM, NAME) VALUES(41, 'hgm', 'Khoekhoe');
INSERT INTO LANGUAGE(LANGUAGE_ID, ACRONYM, NAME) VALUES(42, 'hif', 'Fiji Hindi');
INSERT INTO LANGUAGE(LANGUAGE_ID, ACRONYM, NAME) VALUES(43, 'hin', 'Hindi');
INSERT INTO LANGUAGE(LANGUAGE_ID, ACRONYM, NAME) VALUES(44, 'hmo', 'Hiri Motu');
INSERT INTO LANGUAGE(LANGUAGE_ID, ACRONYM, NAME) VALUES(45, 'hrv', 'Croatian');
INSERT INTO LANGUAGE(LANGUAGE_ID, ACRONYM, NAME) VALUES(46, 'hun', 'Hungarian');
INSERT INTO LANGUAGE(LANGUAGE_ID, ACRONYM, NAME) VALUES(47, 'hye', 'Armenian');
INSERT INTO LANGUAGE(LANGUAGE_ID, ACRONYM, NAME) VALUES(48, 'ind', 'Indonesian');
INSERT INTO LANGUAGE(LANGUAGE_ID, ACRONYM, NAME) VALUES(49, 'isl', 'Icelandic');
INSERT INTO LANGUAGE(LANGUAGE_ID, ACRONYM, NAME) VALUES(50, 'ita', 'Italian');
INSERT INTO LANGUAGE(LANGUAGE_ID, ACRONYM, NAME) VALUES(51, 'jam', 'Jamaican Patois');
INSERT INTO LANGUAGE(LANGUAGE_ID, ACRONYM, NAME) VALUES(52, 'jpn', 'Japanese');
INSERT INTO LANGUAGE(LANGUAGE_ID, ACRONYM, NAME) VALUES(53, 'kal', 'Greenlandic');
INSERT INTO LANGUAGE(LANGUAGE_ID, ACRONYM, NAME) VALUES(54, 'kat', 'Georgian');
INSERT INTO LANGUAGE(LANGUAGE_ID, ACRONYM, NAME) VALUES(55, 'kaz', 'Kazakh');
INSERT INTO LANGUAGE(LANGUAGE_ID, ACRONYM, NAME) VALUES(56, 'kck', 'Kalanga');
INSERT INTO LANGUAGE(LANGUAGE_ID, ACRONYM, NAME) VALUES(57, 'khi', 'Khoisan');
INSERT INTO LANGUAGE(LANGUAGE_ID, ACRONYM, NAME) VALUES(58, 'khm', 'Khmer');
INSERT INTO LANGUAGE(LANGUAGE_ID, ACRONYM, NAME) VALUES(59, 'kin', 'Kinyarwanda');
INSERT INTO LANGUAGE(LANGUAGE_ID, ACRONYM, NAME) VALUES(60, 'kir', 'Kyrgyz');
INSERT INTO LANGUAGE(LANGUAGE_ID, ACRONYM, NAME) VALUES(61, 'kon', 'Kikongo');
INSERT INTO LANGUAGE(LANGUAGE_ID, ACRONYM, NAME) VALUES(62, 'kor', 'Korean');
INSERT INTO LANGUAGE(LANGUAGE_ID, ACRONYM, NAME) VALUES(63, 'kur', 'Kurdish');
INSERT INTO LANGUAGE(LANGUAGE_ID, ACRONYM, NAME) VALUES(64, 'kwn', 'Kwangali');
INSERT INTO LANGUAGE(LANGUAGE_ID, ACRONYM, NAME) VALUES(65, 'lao', 'Lao');
INSERT INTO LANGUAGE(LANGUAGE_ID, ACRONYM, NAME) VALUES(66, 'lat', 'Latin');
INSERT INTO LANGUAGE(LANGUAGE_ID, ACRONYM, NAME) VALUES(67, 'lav', 'Latvian');
INSERT INTO LANGUAGE(LANGUAGE_ID, ACRONYM, NAME) VALUES(68, 'lin', 'Lingala');
INSERT INTO LANGUAGE(LANGUAGE_ID, ACRONYM, NAME) VALUES(69, 'lit', 'Lithuanian');
INSERT INTO LANGUAGE(LANGUAGE_ID, ACRONYM, NAME) VALUES(70, 'loz', 'Lozi');
INSERT INTO LANGUAGE(LANGUAGE_ID, ACRONYM, NAME) VALUES(71, 'ltz', 'Luxembourgish');
INSERT INTO LANGUAGE(LANGUAGE_ID, ACRONYM, NAME) VALUES(72, 'lua', 'Tshiluba');
INSERT INTO LANGUAGE(LANGUAGE_ID, ACRONYM, NAME) VALUES(73, 'mah', 'Marshallese');
INSERT INTO LANGUAGE(LANGUAGE_ID, ACRONYM, NAME) VALUES(74, 'mey', 'Hassaniya');
INSERT INTO LANGUAGE(LANGUAGE_ID, ACRONYM, NAME) VALUES(75, 'mfe', 'Mauritian Creole');
INSERT INTO LANGUAGE(LANGUAGE_ID, ACRONYM, NAME) VALUES(76, 'mkd', 'Macedonian');
INSERT INTO LANGUAGE(LANGUAGE_ID, ACRONYM, NAME) VALUES(77, 'mlg', 'Malagasy');
INSERT INTO LANGUAGE(LANGUAGE_ID, ACRONYM, NAME) VALUES(78, 'mlt', 'Maltese');
INSERT INTO LANGUAGE(LANGUAGE_ID, ACRONYM, NAME) VALUES(79, 'mon', 'Mongolian');
INSERT INTO LANGUAGE(LANGUAGE_ID, ACRONYM, NAME) VALUES(80, 'mri', 'Māori');
INSERT INTO LANGUAGE(LANGUAGE_ID, ACRONYM, NAME) VALUES(81, 'msa', 'Malay');
INSERT INTO LANGUAGE(LANGUAGE_ID, ACRONYM, NAME) VALUES(82, 'mya', 'Burmese');
INSERT INTO LANGUAGE(LANGUAGE_ID, ACRONYM, NAME) VALUES(83, 'nau', 'Nauru');
INSERT INTO LANGUAGE(LANGUAGE_ID, ACRONYM, NAME) VALUES(84, 'nbl', 'Southern Ndebele');
INSERT INTO LANGUAGE(LANGUAGE_ID, ACRONYM, NAME) VALUES(85, 'ndc', 'Ndau');
INSERT INTO LANGUAGE(LANGUAGE_ID, ACRONYM, NAME) VALUES(86, 'nde', 'Northern Ndebele');
INSERT INTO LANGUAGE(LANGUAGE_ID, ACRONYM, NAME) VALUES(87, 'ndo', 'Ndonga');
INSERT INTO LANGUAGE(LANGUAGE_ID, ACRONYM, NAME) VALUES(88, 'nep', 'Nepali');
INSERT INTO LANGUAGE(LANGUAGE_ID, ACRONYM, NAME) VALUES(89, 'niu', 'Niuean');
INSERT INTO LANGUAGE(LANGUAGE_ID, ACRONYM, NAME) VALUES(90, 'nld', 'Dutch');
INSERT INTO LANGUAGE(LANGUAGE_ID, ACRONYM, NAME) VALUES(91, 'nno', 'Nynorsk');
INSERT INTO LANGUAGE(LANGUAGE_ID, ACRONYM, NAME) VALUES(92, 'nob', 'Bokmål');
INSERT INTO LANGUAGE(LANGUAGE_ID, ACRONYM, NAME) VALUES(93, 'nor', 'Norwegian');
INSERT INTO LANGUAGE(LANGUAGE_ID, ACRONYM, NAME) VALUES(94, 'nso', 'Northern Sotho');
INSERT INTO LANGUAGE(LANGUAGE_ID, ACRONYM, NAME) VALUES(95, 'nya', 'Chewa');
INSERT INTO LANGUAGE(LANGUAGE_ID, ACRONYM, NAME) VALUES(96, 'nzs', 'New Zealand Sign Language');
INSERT INTO LANGUAGE(LANGUAGE_ID, ACRONYM, NAME) VALUES(97, 'oci', 'Occitan');
INSERT INTO LANGUAGE(LANGUAGE_ID, ACRONYM, NAME) VALUES(98, 'pap', 'Papiamento');
INSERT INTO LANGUAGE(LANGUAGE_ID, ACRONYM, NAME) VALUES(99, 'pau', 'Palauan');
INSERT INTO LANGUAGE(LANGUAGE_ID, ACRONYM, NAME) VALUES(100, 'pih', 'Norfuk');
INSERT INTO LANGUAGE(LANGUAGE_ID, ACRONYM, NAME) VALUES(101, 'pol', 'Polish');
INSERT INTO LANGUAGE(LANGUAGE_ID, ACRONYM, NAME) VALUES(102, 'por', 'Portuguese');
INSERT INTO LANGUAGE(LANGUAGE_ID, ACRONYM, NAME) VALUES(103, 'prs', 'Dari');
INSERT INTO LANGUAGE(LANGUAGE_ID, ACRONYM, NAME) VALUES(104, 'pus', 'Pashto');
INSERT INTO LANGUAGE(LANGUAGE_ID, ACRONYM, NAME) VALUES(105, 'que', 'Quechua');
INSERT INTO LANGUAGE(LANGUAGE_ID, ACRONYM, NAME) VALUES(106, 'rar', 'Cook Islands Māori');
INSERT INTO LANGUAGE(LANGUAGE_ID, ACRONYM, NAME) VALUES(107, 'roh', 'Romansh');
INSERT INTO LANGUAGE(LANGUAGE_ID, ACRONYM, NAME) VALUES(108, 'ron', 'Romanian');
INSERT INTO LANGUAGE(LANGUAGE_ID, ACRONYM, NAME) VALUES(109, 'run', 'Kirundi');
INSERT INTO LANGUAGE(LANGUAGE_ID, ACRONYM, NAME) VALUES(110, 'rus', 'Russian');
INSERT INTO LANGUAGE(LANGUAGE_ID, ACRONYM, NAME) VALUES(111, 'sag', 'Sango');
INSERT INTO LANGUAGE(LANGUAGE_ID, ACRONYM, NAME) VALUES(112, 'sin', 'Sinhala');
INSERT INTO LANGUAGE(LANGUAGE_ID, ACRONYM, NAME) VALUES(113, 'slk', 'Slovak');
INSERT INTO LANGUAGE(LANGUAGE_ID, ACRONYM, NAME) VALUES(114, 'slv', 'Slovene');
INSERT INTO LANGUAGE(LANGUAGE_ID, ACRONYM, NAME) VALUES(115, 'smo', 'Samoan');
INSERT INTO LANGUAGE(LANGUAGE_ID, ACRONYM, NAME) VALUES(116, 'sna', 'Shona');
INSERT INTO LANGUAGE(LANGUAGE_ID, ACRONYM, NAME) VALUES(117, 'som', 'Somali');
INSERT INTO LANGUAGE(LANGUAGE_ID, ACRONYM, NAME) VALUES(118, 'sot', 'Sotho');
INSERT INTO LANGUAGE(LANGUAGE_ID, ACRONYM, NAME) VALUES(119, 'spa', 'Spanish');
INSERT INTO LANGUAGE(LANGUAGE_ID, ACRONYM, NAME) VALUES(120, 'sqi', 'Albanian');
INSERT INTO LANGUAGE(LANGUAGE_ID, ACRONYM, NAME) VALUES(121, 'srp', 'Serbian');
INSERT INTO LANGUAGE(LANGUAGE_ID, ACRONYM, NAME) VALUES(122, 'ssw', 'Swazi');
INSERT INTO LANGUAGE(LANGUAGE_ID, ACRONYM, NAME) VALUES(123, 'swa', 'Swahili');
INSERT INTO LANGUAGE(LANGUAGE_ID, ACRONYM, NAME) VALUES(124, 'swe', 'Swedish');
INSERT INTO LANGUAGE(LANGUAGE_ID, ACRONYM, NAME) VALUES(125, 'tam', 'Tamil');
INSERT INTO LANGUAGE(LANGUAGE_ID, ACRONYM, NAME) VALUES(126, 'tet', 'Tetum');
INSERT INTO LANGUAGE(LANGUAGE_ID, ACRONYM, NAME) VALUES(127, 'tgk', 'Tajik');
INSERT INTO LANGUAGE(LANGUAGE_ID, ACRONYM, NAME) VALUES(128, 'tha', 'Thai');
INSERT INTO LANGUAGE(LANGUAGE_ID, ACRONYM, NAME) VALUES(129, 'tir', 'Tigrinya');
INSERT INTO LANGUAGE(LANGUAGE_ID, ACRONYM, NAME) VALUES(130, 'tkl', 'Tokelauan');
INSERT INTO LANGUAGE(LANGUAGE_ID, ACRONYM, NAME) VALUES(131, 'toi', 'Tonga');
INSERT INTO LANGUAGE(LANGUAGE_ID, ACRONYM, NAME) VALUES(132, 'ton', 'Tongan');
INSERT INTO LANGUAGE(LANGUAGE_ID, ACRONYM, NAME) VALUES(133, 'tpi', 'Tok Pisin');
INSERT INTO LANGUAGE(LANGUAGE_ID, ACRONYM, NAME) VALUES(134, 'tsn', 'Tswana');
INSERT INTO LANGUAGE(LANGUAGE_ID, ACRONYM, NAME) VALUES(135, 'tso', 'Tsonga');
INSERT INTO LANGUAGE(LANGUAGE_ID, ACRONYM, NAME) VALUES(136, 'tuk', 'Turkmen');
INSERT INTO LANGUAGE(LANGUAGE_ID, ACRONYM, NAME) VALUES(137, 'tur', 'Turkish');
INSERT INTO LANGUAGE(LANGUAGE_ID, ACRONYM, NAME) VALUES(138, 'tvl', 'Tuvaluan');
INSERT INTO LANGUAGE(LANGUAGE_ID, ACRONYM, NAME) VALUES(139, 'ukr', 'Ukrainian');
INSERT INTO LANGUAGE(LANGUAGE_ID, ACRONYM, NAME) VALUES(140, 'urd', 'Urdu');
INSERT INTO LANGUAGE(LANGUAGE_ID, ACRONYM, NAME) VALUES(141, 'uzb', 'Uzbek');
INSERT INTO LANGUAGE(LANGUAGE_ID, ACRONYM, NAME) VALUES(142, 'ven', 'Venda');
INSERT INTO LANGUAGE(LANGUAGE_ID, ACRONYM, NAME) VALUES(143, 'vie', 'Vietnamese');
INSERT INTO LANGUAGE(LANGUAGE_ID, ACRONYM, NAME) VALUES(144, 'xho', 'Xhosa');
INSERT INTO LANGUAGE(LANGUAGE_ID, ACRONYM, NAME) VALUES(145, 'zdj', 'Comorian');
INSERT INTO LANGUAGE(LANGUAGE_ID, ACRONYM, NAME) VALUES(146, 'zho', 'Chinese');
INSERT INTO LANGUAGE(LANGUAGE_ID, ACRONYM, NAME) VALUES(147, 'zib', 'Zimbabwean Sign Language');
INSERT INTO LANGUAGE(LANGUAGE_ID, ACRONYM, NAME) VALUES(148, 'zul', 'Zulu');


INSERT INTO COUNTRY_LANGUAGES(COUNTRY_ID, LANGUAGE_ID) VALUES(0, 103);
INSERT INTO COUNTRY_LANGUAGES(COUNTRY_ID, LANGUAGE_ID) VALUES(0, 104);
INSERT INTO COUNTRY_LANGUAGES(COUNTRY_ID, LANGUAGE_ID) VALUES(0, 136);
INSERT INTO COUNTRY_LANGUAGES(COUNTRY_ID, LANGUAGE_ID) VALUES(1, 124);
INSERT INTO COUNTRY_LANGUAGES(COUNTRY_ID, LANGUAGE_ID) VALUES(2, 120);
INSERT INTO COUNTRY_LANGUAGES(COUNTRY_ID, LANGUAGE_ID) VALUES(3, 2);
INSERT INTO COUNTRY_LANGUAGES(COUNTRY_ID, LANGUAGE_ID) VALUES(4, 24);
INSERT INTO COUNTRY_LANGUAGES(COUNTRY_ID, LANGUAGE_ID) VALUES(4, 115);
INSERT INTO COUNTRY_LANGUAGES(COUNTRY_ID, LANGUAGE_ID) VALUES(5, 14);
INSERT INTO COUNTRY_LANGUAGES(COUNTRY_ID, LANGUAGE_ID) VALUES(6, 102);
INSERT INTO COUNTRY_LANGUAGES(COUNTRY_ID, LANGUAGE_ID) VALUES(7, 24);
INSERT INTO COUNTRY_LANGUAGES(COUNTRY_ID, LANGUAGE_ID) VALUES(9, 24);
INSERT INTO COUNTRY_LANGUAGES(COUNTRY_ID, LANGUAGE_ID) VALUES(10, 37);
INSERT INTO COUNTRY_LANGUAGES(COUNTRY_ID, LANGUAGE_ID) VALUES(10, 119);
INSERT INTO COUNTRY_LANGUAGES(COUNTRY_ID, LANGUAGE_ID) VALUES(11, 47);
INSERT INTO COUNTRY_LANGUAGES(COUNTRY_ID, LANGUAGE_ID) VALUES(11, 110);
INSERT INTO COUNTRY_LANGUAGES(COUNTRY_ID, LANGUAGE_ID) VALUES(12, 90);
INSERT INTO COUNTRY_LANGUAGES(COUNTRY_ID, LANGUAGE_ID) VALUES(12, 98);
INSERT INTO COUNTRY_LANGUAGES(COUNTRY_ID, LANGUAGE_ID) VALUES(13, 24);
INSERT INTO COUNTRY_LANGUAGES(COUNTRY_ID, LANGUAGE_ID) VALUES(14, 20);
INSERT INTO COUNTRY_LANGUAGES(COUNTRY_ID, LANGUAGE_ID) VALUES(15, 5);
INSERT INTO COUNTRY_LANGUAGES(COUNTRY_ID, LANGUAGE_ID) VALUES(15, 47);
INSERT INTO COUNTRY_LANGUAGES(COUNTRY_ID, LANGUAGE_ID) VALUES(16, 24);
INSERT INTO COUNTRY_LANGUAGES(COUNTRY_ID, LANGUAGE_ID) VALUES(17, 2);
INSERT INTO COUNTRY_LANGUAGES(COUNTRY_ID, LANGUAGE_ID) VALUES(18, 7);
INSERT INTO COUNTRY_LANGUAGES(COUNTRY_ID, LANGUAGE_ID) VALUES(19, 24);
INSERT INTO COUNTRY_LANGUAGES(COUNTRY_ID, LANGUAGE_ID) VALUES(20, 6);
INSERT INTO COUNTRY_LANGUAGES(COUNTRY_ID, LANGUAGE_ID) VALUES(20, 110);
INSERT INTO COUNTRY_LANGUAGES(COUNTRY_ID, LANGUAGE_ID) VALUES(21, 20);
INSERT INTO COUNTRY_LANGUAGES(COUNTRY_ID, LANGUAGE_ID) VALUES(21, 32);
INSERT INTO COUNTRY_LANGUAGES(COUNTRY_ID, LANGUAGE_ID) VALUES(21, 90);
INSERT INTO COUNTRY_LANGUAGES(COUNTRY_ID, LANGUAGE_ID) VALUES(22, 24);
INSERT INTO COUNTRY_LANGUAGES(COUNTRY_ID, LANGUAGE_ID) VALUES(22, 119);
INSERT INTO COUNTRY_LANGUAGES(COUNTRY_ID, LANGUAGE_ID) VALUES(23, 32);
INSERT INTO COUNTRY_LANGUAGES(COUNTRY_ID, LANGUAGE_ID) VALUES(24, 24);
INSERT INTO COUNTRY_LANGUAGES(COUNTRY_ID, LANGUAGE_ID) VALUES(25, 22);
INSERT INTO COUNTRY_LANGUAGES(COUNTRY_ID, LANGUAGE_ID) VALUES(26, 4);
INSERT INTO COUNTRY_LANGUAGES(COUNTRY_ID, LANGUAGE_ID) VALUES(26, 37);
INSERT INTO COUNTRY_LANGUAGES(COUNTRY_ID, LANGUAGE_ID) VALUES(26, 105);
INSERT INTO COUNTRY_LANGUAGES(COUNTRY_ID, LANGUAGE_ID) VALUES(26, 119);
INSERT INTO COUNTRY_LANGUAGES(COUNTRY_ID, LANGUAGE_ID) VALUES(27, 90);
INSERT INTO COUNTRY_LANGUAGES(COUNTRY_ID, LANGUAGE_ID) VALUES(28, 10);
INSERT INTO COUNTRY_LANGUAGES(COUNTRY_ID, LANGUAGE_ID) VALUES(28, 45);
INSERT INTO COUNTRY_LANGUAGES(COUNTRY_ID, LANGUAGE_ID) VALUES(28, 121);
INSERT INTO COUNTRY_LANGUAGES(COUNTRY_ID, LANGUAGE_ID) VALUES(29, 24);
INSERT INTO COUNTRY_LANGUAGES(COUNTRY_ID, LANGUAGE_ID) VALUES(29, 134);
INSERT INTO COUNTRY_LANGUAGES(COUNTRY_ID, LANGUAGE_ID) VALUES(30, 93);
INSERT INTO COUNTRY_LANGUAGES(COUNTRY_ID, LANGUAGE_ID) VALUES(31, 102);
INSERT INTO COUNTRY_LANGUAGES(COUNTRY_ID, LANGUAGE_ID) VALUES(32, 24);
INSERT INTO COUNTRY_LANGUAGES(COUNTRY_ID, LANGUAGE_ID) VALUES(33, 24);
INSERT INTO COUNTRY_LANGUAGES(COUNTRY_ID, LANGUAGE_ID) VALUES(34, 81);
INSERT INTO COUNTRY_LANGUAGES(COUNTRY_ID, LANGUAGE_ID) VALUES(35, 11);
INSERT INTO COUNTRY_LANGUAGES(COUNTRY_ID, LANGUAGE_ID) VALUES(36, 32);
INSERT INTO COUNTRY_LANGUAGES(COUNTRY_ID, LANGUAGE_ID) VALUES(37, 32);
INSERT INTO COUNTRY_LANGUAGES(COUNTRY_ID, LANGUAGE_ID) VALUES(37, 109);
INSERT INTO COUNTRY_LANGUAGES(COUNTRY_ID, LANGUAGE_ID) VALUES(38, 58);
INSERT INTO COUNTRY_LANGUAGES(COUNTRY_ID, LANGUAGE_ID) VALUES(39, 24);
INSERT INTO COUNTRY_LANGUAGES(COUNTRY_ID, LANGUAGE_ID) VALUES(39, 32);
INSERT INTO COUNTRY_LANGUAGES(COUNTRY_ID, LANGUAGE_ID) VALUES(40, 24);
INSERT INTO COUNTRY_LANGUAGES(COUNTRY_ID, LANGUAGE_ID) VALUES(40, 32);
INSERT INTO COUNTRY_LANGUAGES(COUNTRY_ID, LANGUAGE_ID) VALUES(41, 102);
INSERT INTO COUNTRY_LANGUAGES(COUNTRY_ID, LANGUAGE_ID) VALUES(42, 24);
INSERT INTO COUNTRY_LANGUAGES(COUNTRY_ID, LANGUAGE_ID) VALUES(43, 32);
INSERT INTO COUNTRY_LANGUAGES(COUNTRY_ID, LANGUAGE_ID) VALUES(43, 111);
INSERT INTO COUNTRY_LANGUAGES(COUNTRY_ID, LANGUAGE_ID) VALUES(44, 2);
INSERT INTO COUNTRY_LANGUAGES(COUNTRY_ID, LANGUAGE_ID) VALUES(44, 32);
INSERT INTO COUNTRY_LANGUAGES(COUNTRY_ID, LANGUAGE_ID) VALUES(45, 119);
INSERT INTO COUNTRY_LANGUAGES(COUNTRY_ID, LANGUAGE_ID) VALUES(46, 17);
INSERT INTO COUNTRY_LANGUAGES(COUNTRY_ID, LANGUAGE_ID) VALUES(47, 24);
INSERT INTO COUNTRY_LANGUAGES(COUNTRY_ID, LANGUAGE_ID) VALUES(48, 24);
INSERT INTO COUNTRY_LANGUAGES(COUNTRY_ID, LANGUAGE_ID) VALUES(49, 119);
INSERT INTO COUNTRY_LANGUAGES(COUNTRY_ID, LANGUAGE_ID) VALUES(50, 2);
INSERT INTO COUNTRY_LANGUAGES(COUNTRY_ID, LANGUAGE_ID) VALUES(50, 32);
INSERT INTO COUNTRY_LANGUAGES(COUNTRY_ID, LANGUAGE_ID) VALUES(50, 145);
INSERT INTO COUNTRY_LANGUAGES(COUNTRY_ID, LANGUAGE_ID) VALUES(51, 32);
INSERT INTO COUNTRY_LANGUAGES(COUNTRY_ID, LANGUAGE_ID) VALUES(51, 68);
INSERT INTO COUNTRY_LANGUAGES(COUNTRY_ID, LANGUAGE_ID) VALUES(52, 32);
INSERT INTO COUNTRY_LANGUAGES(COUNTRY_ID, LANGUAGE_ID) VALUES(52, 61);
INSERT INTO COUNTRY_LANGUAGES(COUNTRY_ID, LANGUAGE_ID) VALUES(52, 68);
INSERT INTO COUNTRY_LANGUAGES(COUNTRY_ID, LANGUAGE_ID) VALUES(52, 72);
INSERT INTO COUNTRY_LANGUAGES(COUNTRY_ID, LANGUAGE_ID) VALUES(52, 123);
INSERT INTO COUNTRY_LANGUAGES(COUNTRY_ID, LANGUAGE_ID) VALUES(53, 24);
INSERT INTO COUNTRY_LANGUAGES(COUNTRY_ID, LANGUAGE_ID) VALUES(53, 106);
INSERT INTO COUNTRY_LANGUAGES(COUNTRY_ID, LANGUAGE_ID) VALUES(54, 119);
INSERT INTO COUNTRY_LANGUAGES(COUNTRY_ID, LANGUAGE_ID) VALUES(55, 45);
INSERT INTO COUNTRY_LANGUAGES(COUNTRY_ID, LANGUAGE_ID) VALUES(56, 119);
INSERT INTO COUNTRY_LANGUAGES(COUNTRY_ID, LANGUAGE_ID) VALUES(57, 24);
INSERT INTO COUNTRY_LANGUAGES(COUNTRY_ID, LANGUAGE_ID) VALUES(57, 90);
INSERT INTO COUNTRY_LANGUAGES(COUNTRY_ID, LANGUAGE_ID) VALUES(57, 98);
INSERT INTO COUNTRY_LANGUAGES(COUNTRY_ID, LANGUAGE_ID) VALUES(58, 23);
INSERT INTO COUNTRY_LANGUAGES(COUNTRY_ID, LANGUAGE_ID) VALUES(58, 137);
INSERT INTO COUNTRY_LANGUAGES(COUNTRY_ID, LANGUAGE_ID) VALUES(59, 15);
INSERT INTO COUNTRY_LANGUAGES(COUNTRY_ID, LANGUAGE_ID) VALUES(59, 113);
INSERT INTO COUNTRY_LANGUAGES(COUNTRY_ID, LANGUAGE_ID) VALUES(60, 19);
INSERT INTO COUNTRY_LANGUAGES(COUNTRY_ID, LANGUAGE_ID) VALUES(61, 2);
INSERT INTO COUNTRY_LANGUAGES(COUNTRY_ID, LANGUAGE_ID) VALUES(61, 32);
INSERT INTO COUNTRY_LANGUAGES(COUNTRY_ID, LANGUAGE_ID) VALUES(62, 24);
INSERT INTO COUNTRY_LANGUAGES(COUNTRY_ID, LANGUAGE_ID) VALUES(63, 119);
INSERT INTO COUNTRY_LANGUAGES(COUNTRY_ID, LANGUAGE_ID) VALUES(64, 119);
INSERT INTO COUNTRY_LANGUAGES(COUNTRY_ID, LANGUAGE_ID) VALUES(65, 2);
INSERT INTO COUNTRY_LANGUAGES(COUNTRY_ID, LANGUAGE_ID) VALUES(66, 119);
INSERT INTO COUNTRY_LANGUAGES(COUNTRY_ID, LANGUAGE_ID) VALUES(67, 32);
INSERT INTO COUNTRY_LANGUAGES(COUNTRY_ID, LANGUAGE_ID) VALUES(67, 102);
INSERT INTO COUNTRY_LANGUAGES(COUNTRY_ID, LANGUAGE_ID) VALUES(67, 119);
INSERT INTO COUNTRY_LANGUAGES(COUNTRY_ID, LANGUAGE_ID) VALUES(68, 2);
INSERT INTO COUNTRY_LANGUAGES(COUNTRY_ID, LANGUAGE_ID) VALUES(68, 24);
INSERT INTO COUNTRY_LANGUAGES(COUNTRY_ID, LANGUAGE_ID) VALUES(68, 129);
INSERT INTO COUNTRY_LANGUAGES(COUNTRY_ID, LANGUAGE_ID) VALUES(69, 25);
INSERT INTO COUNTRY_LANGUAGES(COUNTRY_ID, LANGUAGE_ID) VALUES(70, 1);
INSERT INTO COUNTRY_LANGUAGES(COUNTRY_ID, LANGUAGE_ID) VALUES(71, 24);
INSERT INTO COUNTRY_LANGUAGES(COUNTRY_ID, LANGUAGE_ID) VALUES(72, 19);
INSERT INTO COUNTRY_LANGUAGES(COUNTRY_ID, LANGUAGE_ID) VALUES(72, 27);
INSERT INTO COUNTRY_LANGUAGES(COUNTRY_ID, LANGUAGE_ID) VALUES(73, 24);
INSERT INTO COUNTRY_LANGUAGES(COUNTRY_ID, LANGUAGE_ID) VALUES(73, 29);
INSERT INTO COUNTRY_LANGUAGES(COUNTRY_ID, LANGUAGE_ID) VALUES(73, 42);
INSERT INTO COUNTRY_LANGUAGES(COUNTRY_ID, LANGUAGE_ID) VALUES(74, 31);
INSERT INTO COUNTRY_LANGUAGES(COUNTRY_ID, LANGUAGE_ID) VALUES(74, 124);
INSERT INTO COUNTRY_LANGUAGES(COUNTRY_ID, LANGUAGE_ID) VALUES(75, 32);
INSERT INTO COUNTRY_LANGUAGES(COUNTRY_ID, LANGUAGE_ID) VALUES(76, 32);
INSERT INTO COUNTRY_LANGUAGES(COUNTRY_ID, LANGUAGE_ID) VALUES(77, 32);
INSERT INTO COUNTRY_LANGUAGES(COUNTRY_ID, LANGUAGE_ID) VALUES(78, 32);
INSERT INTO COUNTRY_LANGUAGES(COUNTRY_ID, LANGUAGE_ID) VALUES(79, 32);
INSERT INTO COUNTRY_LANGUAGES(COUNTRY_ID, LANGUAGE_ID) VALUES(80, 24);
INSERT INTO COUNTRY_LANGUAGES(COUNTRY_ID, LANGUAGE_ID) VALUES(81, 54);
INSERT INTO COUNTRY_LANGUAGES(COUNTRY_ID, LANGUAGE_ID) VALUES(82, 20);
INSERT INTO COUNTRY_LANGUAGES(COUNTRY_ID, LANGUAGE_ID) VALUES(83, 24);
INSERT INTO COUNTRY_LANGUAGES(COUNTRY_ID, LANGUAGE_ID) VALUES(84, 24);
INSERT INTO COUNTRY_LANGUAGES(COUNTRY_ID, LANGUAGE_ID) VALUES(85, 23);
INSERT INTO COUNTRY_LANGUAGES(COUNTRY_ID, LANGUAGE_ID) VALUES(86, 53);
INSERT INTO COUNTRY_LANGUAGES(COUNTRY_ID, LANGUAGE_ID) VALUES(87, 24);
INSERT INTO COUNTRY_LANGUAGES(COUNTRY_ID, LANGUAGE_ID) VALUES(88, 32);
INSERT INTO COUNTRY_LANGUAGES(COUNTRY_ID, LANGUAGE_ID) VALUES(89, 16);
INSERT INTO COUNTRY_LANGUAGES(COUNTRY_ID, LANGUAGE_ID) VALUES(89, 24);
INSERT INTO COUNTRY_LANGUAGES(COUNTRY_ID, LANGUAGE_ID) VALUES(89, 119);
INSERT INTO COUNTRY_LANGUAGES(COUNTRY_ID, LANGUAGE_ID) VALUES(90, 119);
INSERT INTO COUNTRY_LANGUAGES(COUNTRY_ID, LANGUAGE_ID) VALUES(91, 24);
INSERT INTO COUNTRY_LANGUAGES(COUNTRY_ID, LANGUAGE_ID) VALUES(91, 32);
INSERT INTO COUNTRY_LANGUAGES(COUNTRY_ID, LANGUAGE_ID) VALUES(92, 32);
INSERT INTO COUNTRY_LANGUAGES(COUNTRY_ID, LANGUAGE_ID) VALUES(93, 102);
INSERT INTO COUNTRY_LANGUAGES(COUNTRY_ID, LANGUAGE_ID) VALUES(94, 24);
INSERT INTO COUNTRY_LANGUAGES(COUNTRY_ID, LANGUAGE_ID) VALUES(95, 32);
INSERT INTO COUNTRY_LANGUAGES(COUNTRY_ID, LANGUAGE_ID) VALUES(95, 38);
INSERT INTO COUNTRY_LANGUAGES(COUNTRY_ID, LANGUAGE_ID) VALUES(96, 24);
INSERT INTO COUNTRY_LANGUAGES(COUNTRY_ID, LANGUAGE_ID) VALUES(97, 50);
INSERT INTO COUNTRY_LANGUAGES(COUNTRY_ID, LANGUAGE_ID) VALUES(97, 66);
INSERT INTO COUNTRY_LANGUAGES(COUNTRY_ID, LANGUAGE_ID) VALUES(98, 119);
INSERT INTO COUNTRY_LANGUAGES(COUNTRY_ID, LANGUAGE_ID) VALUES(99, 24);
INSERT INTO COUNTRY_LANGUAGES(COUNTRY_ID, LANGUAGE_ID) VALUES(99, 146);
INSERT INTO COUNTRY_LANGUAGES(COUNTRY_ID, LANGUAGE_ID) VALUES(100, 46);
INSERT INTO COUNTRY_LANGUAGES(COUNTRY_ID, LANGUAGE_ID) VALUES(101, 49);
INSERT INTO COUNTRY_LANGUAGES(COUNTRY_ID, LANGUAGE_ID) VALUES(102, 24);
INSERT INTO COUNTRY_LANGUAGES(COUNTRY_ID, LANGUAGE_ID) VALUES(102, 43);
INSERT INTO COUNTRY_LANGUAGES(COUNTRY_ID, LANGUAGE_ID) VALUES(103, 48);
INSERT INTO COUNTRY_LANGUAGES(COUNTRY_ID, LANGUAGE_ID) VALUES(104, 32);
INSERT INTO COUNTRY_LANGUAGES(COUNTRY_ID, LANGUAGE_ID) VALUES(105, 28);
INSERT INTO COUNTRY_LANGUAGES(COUNTRY_ID, LANGUAGE_ID) VALUES(106, 2);
INSERT INTO COUNTRY_LANGUAGES(COUNTRY_ID, LANGUAGE_ID) VALUES(106, 3);
INSERT INTO COUNTRY_LANGUAGES(COUNTRY_ID, LANGUAGE_ID) VALUES(106, 63);
INSERT INTO COUNTRY_LANGUAGES(COUNTRY_ID, LANGUAGE_ID) VALUES(107, 24);
INSERT INTO COUNTRY_LANGUAGES(COUNTRY_ID, LANGUAGE_ID) VALUES(107, 34);
INSERT INTO COUNTRY_LANGUAGES(COUNTRY_ID, LANGUAGE_ID) VALUES(108, 24);
INSERT INTO COUNTRY_LANGUAGES(COUNTRY_ID, LANGUAGE_ID) VALUES(108, 36);
INSERT INTO COUNTRY_LANGUAGES(COUNTRY_ID, LANGUAGE_ID) VALUES(109, 2);
INSERT INTO COUNTRY_LANGUAGES(COUNTRY_ID, LANGUAGE_ID) VALUES(109, 39);
INSERT INTO COUNTRY_LANGUAGES(COUNTRY_ID, LANGUAGE_ID) VALUES(110, 50);
INSERT INTO COUNTRY_LANGUAGES(COUNTRY_ID, LANGUAGE_ID) VALUES(111, 24);
INSERT INTO COUNTRY_LANGUAGES(COUNTRY_ID, LANGUAGE_ID) VALUES(111, 51);
INSERT INTO COUNTRY_LANGUAGES(COUNTRY_ID, LANGUAGE_ID) VALUES(112, 52);
INSERT INTO COUNTRY_LANGUAGES(COUNTRY_ID, LANGUAGE_ID) VALUES(113, 24);
INSERT INTO COUNTRY_LANGUAGES(COUNTRY_ID, LANGUAGE_ID) VALUES(113, 32);
INSERT INTO COUNTRY_LANGUAGES(COUNTRY_ID, LANGUAGE_ID) VALUES(114, 2);
INSERT INTO COUNTRY_LANGUAGES(COUNTRY_ID, LANGUAGE_ID) VALUES(115, 55);
INSERT INTO COUNTRY_LANGUAGES(COUNTRY_ID, LANGUAGE_ID) VALUES(115, 110);
INSERT INTO COUNTRY_LANGUAGES(COUNTRY_ID, LANGUAGE_ID) VALUES(116, 24);
INSERT INTO COUNTRY_LANGUAGES(COUNTRY_ID, LANGUAGE_ID) VALUES(116, 123);
INSERT INTO COUNTRY_LANGUAGES(COUNTRY_ID, LANGUAGE_ID) VALUES(117, 24);
INSERT INTO COUNTRY_LANGUAGES(COUNTRY_ID, LANGUAGE_ID) VALUES(117, 33);
INSERT INTO COUNTRY_LANGUAGES(COUNTRY_ID, LANGUAGE_ID) VALUES(118, 2);
INSERT INTO COUNTRY_LANGUAGES(COUNTRY_ID, LANGUAGE_ID) VALUES(119, 60);
INSERT INTO COUNTRY_LANGUAGES(COUNTRY_ID, LANGUAGE_ID) VALUES(119, 110);
INSERT INTO COUNTRY_LANGUAGES(COUNTRY_ID, LANGUAGE_ID) VALUES(120, 65);
INSERT INTO COUNTRY_LANGUAGES(COUNTRY_ID, LANGUAGE_ID) VALUES(121, 67);
INSERT INTO COUNTRY_LANGUAGES(COUNTRY_ID, LANGUAGE_ID) VALUES(122, 2);
INSERT INTO COUNTRY_LANGUAGES(COUNTRY_ID, LANGUAGE_ID) VALUES(122, 32);
INSERT INTO COUNTRY_LANGUAGES(COUNTRY_ID, LANGUAGE_ID) VALUES(123, 24);
INSERT INTO COUNTRY_LANGUAGES(COUNTRY_ID, LANGUAGE_ID) VALUES(123, 118);
INSERT INTO COUNTRY_LANGUAGES(COUNTRY_ID, LANGUAGE_ID) VALUES(124, 24);
INSERT INTO COUNTRY_LANGUAGES(COUNTRY_ID, LANGUAGE_ID) VALUES(125, 2);
INSERT INTO COUNTRY_LANGUAGES(COUNTRY_ID, LANGUAGE_ID) VALUES(126, 20);
INSERT INTO COUNTRY_LANGUAGES(COUNTRY_ID, LANGUAGE_ID) VALUES(127, 69);
INSERT INTO COUNTRY_LANGUAGES(COUNTRY_ID, LANGUAGE_ID) VALUES(128, 20);
INSERT INTO COUNTRY_LANGUAGES(COUNTRY_ID, LANGUAGE_ID) VALUES(128, 32);
INSERT INTO COUNTRY_LANGUAGES(COUNTRY_ID, LANGUAGE_ID) VALUES(128, 71);
INSERT INTO COUNTRY_LANGUAGES(COUNTRY_ID, LANGUAGE_ID) VALUES(129, 102);
INSERT INTO COUNTRY_LANGUAGES(COUNTRY_ID, LANGUAGE_ID) VALUES(129, 146);
INSERT INTO COUNTRY_LANGUAGES(COUNTRY_ID, LANGUAGE_ID) VALUES(130, 76);
INSERT INTO COUNTRY_LANGUAGES(COUNTRY_ID, LANGUAGE_ID) VALUES(131, 32);
INSERT INTO COUNTRY_LANGUAGES(COUNTRY_ID, LANGUAGE_ID) VALUES(131, 77);
INSERT INTO COUNTRY_LANGUAGES(COUNTRY_ID, LANGUAGE_ID) VALUES(132, 24);
INSERT INTO COUNTRY_LANGUAGES(COUNTRY_ID, LANGUAGE_ID) VALUES(132, 95);
INSERT INTO COUNTRY_LANGUAGES(COUNTRY_ID, LANGUAGE_ID) VALUES(133, 24);
INSERT INTO COUNTRY_LANGUAGES(COUNTRY_ID, LANGUAGE_ID) VALUES(133, 81);
INSERT INTO COUNTRY_LANGUAGES(COUNTRY_ID, LANGUAGE_ID) VALUES(134, 21);
INSERT INTO COUNTRY_LANGUAGES(COUNTRY_ID, LANGUAGE_ID) VALUES(135, 32);
INSERT INTO COUNTRY_LANGUAGES(COUNTRY_ID, LANGUAGE_ID) VALUES(136, 24);
INSERT INTO COUNTRY_LANGUAGES(COUNTRY_ID, LANGUAGE_ID) VALUES(136, 78);
INSERT INTO COUNTRY_LANGUAGES(COUNTRY_ID, LANGUAGE_ID) VALUES(137, 24);
INSERT INTO COUNTRY_LANGUAGES(COUNTRY_ID, LANGUAGE_ID) VALUES(137, 73);
INSERT INTO COUNTRY_LANGUAGES(COUNTRY_ID, LANGUAGE_ID) VALUES(138, 32);
INSERT INTO COUNTRY_LANGUAGES(COUNTRY_ID, LANGUAGE_ID) VALUES(139, 2);
INSERT INTO COUNTRY_LANGUAGES(COUNTRY_ID, LANGUAGE_ID) VALUES(140, 24);
INSERT INTO COUNTRY_LANGUAGES(COUNTRY_ID, LANGUAGE_ID) VALUES(140, 32);
INSERT INTO COUNTRY_LANGUAGES(COUNTRY_ID, LANGUAGE_ID) VALUES(140, 75);
INSERT INTO COUNTRY_LANGUAGES(COUNTRY_ID, LANGUAGE_ID) VALUES(141, 32);
INSERT INTO COUNTRY_LANGUAGES(COUNTRY_ID, LANGUAGE_ID) VALUES(142, 119);
INSERT INTO COUNTRY_LANGUAGES(COUNTRY_ID, LANGUAGE_ID) VALUES(143, 24);
INSERT INTO COUNTRY_LANGUAGES(COUNTRY_ID, LANGUAGE_ID) VALUES(144, 108);
INSERT INTO COUNTRY_LANGUAGES(COUNTRY_ID, LANGUAGE_ID) VALUES(145, 32);
INSERT INTO COUNTRY_LANGUAGES(COUNTRY_ID, LANGUAGE_ID) VALUES(146, 79);
INSERT INTO COUNTRY_LANGUAGES(COUNTRY_ID, LANGUAGE_ID) VALUES(147, 121);
INSERT INTO COUNTRY_LANGUAGES(COUNTRY_ID, LANGUAGE_ID) VALUES(148, 24);
INSERT INTO COUNTRY_LANGUAGES(COUNTRY_ID, LANGUAGE_ID) VALUES(149, 2);
INSERT INTO COUNTRY_LANGUAGES(COUNTRY_ID, LANGUAGE_ID) VALUES(149, 8);
INSERT INTO COUNTRY_LANGUAGES(COUNTRY_ID, LANGUAGE_ID) VALUES(150, 102);
INSERT INTO COUNTRY_LANGUAGES(COUNTRY_ID, LANGUAGE_ID) VALUES(151, 82);
INSERT INTO COUNTRY_LANGUAGES(COUNTRY_ID, LANGUAGE_ID) VALUES(152, 0);
INSERT INTO COUNTRY_LANGUAGES(COUNTRY_ID, LANGUAGE_ID) VALUES(152, 20);
INSERT INTO COUNTRY_LANGUAGES(COUNTRY_ID, LANGUAGE_ID) VALUES(152, 24);
INSERT INTO COUNTRY_LANGUAGES(COUNTRY_ID, LANGUAGE_ID) VALUES(152, 40);
INSERT INTO COUNTRY_LANGUAGES(COUNTRY_ID, LANGUAGE_ID) VALUES(152, 41);
INSERT INTO COUNTRY_LANGUAGES(COUNTRY_ID, LANGUAGE_ID) VALUES(152, 64);
INSERT INTO COUNTRY_LANGUAGES(COUNTRY_ID, LANGUAGE_ID) VALUES(152, 70);
INSERT INTO COUNTRY_LANGUAGES(COUNTRY_ID, LANGUAGE_ID) VALUES(152, 87);
INSERT INTO COUNTRY_LANGUAGES(COUNTRY_ID, LANGUAGE_ID) VALUES(152, 134);
INSERT INTO COUNTRY_LANGUAGES(COUNTRY_ID, LANGUAGE_ID) VALUES(153, 24);
INSERT INTO COUNTRY_LANGUAGES(COUNTRY_ID, LANGUAGE_ID) VALUES(153, 83);
INSERT INTO COUNTRY_LANGUAGES(COUNTRY_ID, LANGUAGE_ID) VALUES(154, 88);
INSERT INTO COUNTRY_LANGUAGES(COUNTRY_ID, LANGUAGE_ID) VALUES(155, 90);
INSERT INTO COUNTRY_LANGUAGES(COUNTRY_ID, LANGUAGE_ID) VALUES(156, 32);
INSERT INTO COUNTRY_LANGUAGES(COUNTRY_ID, LANGUAGE_ID) VALUES(157, 24);
INSERT INTO COUNTRY_LANGUAGES(COUNTRY_ID, LANGUAGE_ID) VALUES(157, 80);
INSERT INTO COUNTRY_LANGUAGES(COUNTRY_ID, LANGUAGE_ID) VALUES(157, 96);
INSERT INTO COUNTRY_LANGUAGES(COUNTRY_ID, LANGUAGE_ID) VALUES(158, 119);
INSERT INTO COUNTRY_LANGUAGES(COUNTRY_ID, LANGUAGE_ID) VALUES(159, 32);
INSERT INTO COUNTRY_LANGUAGES(COUNTRY_ID, LANGUAGE_ID) VALUES(160, 24);
INSERT INTO COUNTRY_LANGUAGES(COUNTRY_ID, LANGUAGE_ID) VALUES(161, 24);
INSERT INTO COUNTRY_LANGUAGES(COUNTRY_ID, LANGUAGE_ID) VALUES(161, 89);
INSERT INTO COUNTRY_LANGUAGES(COUNTRY_ID, LANGUAGE_ID) VALUES(162, 24);
INSERT INTO COUNTRY_LANGUAGES(COUNTRY_ID, LANGUAGE_ID) VALUES(162, 100);
INSERT INTO COUNTRY_LANGUAGES(COUNTRY_ID, LANGUAGE_ID) VALUES(163, 62);
INSERT INTO COUNTRY_LANGUAGES(COUNTRY_ID, LANGUAGE_ID) VALUES(164, 13);
INSERT INTO COUNTRY_LANGUAGES(COUNTRY_ID, LANGUAGE_ID) VALUES(164, 16);
INSERT INTO COUNTRY_LANGUAGES(COUNTRY_ID, LANGUAGE_ID) VALUES(164, 24);
INSERT INTO COUNTRY_LANGUAGES(COUNTRY_ID, LANGUAGE_ID) VALUES(165, 91);
INSERT INTO COUNTRY_LANGUAGES(COUNTRY_ID, LANGUAGE_ID) VALUES(165, 92);
INSERT INTO COUNTRY_LANGUAGES(COUNTRY_ID, LANGUAGE_ID) VALUES(165, 93);
INSERT INTO COUNTRY_LANGUAGES(COUNTRY_ID, LANGUAGE_ID) VALUES(166, 2);
INSERT INTO COUNTRY_LANGUAGES(COUNTRY_ID, LANGUAGE_ID) VALUES(167, 24);
INSERT INTO COUNTRY_LANGUAGES(COUNTRY_ID, LANGUAGE_ID) VALUES(167, 140);
INSERT INTO COUNTRY_LANGUAGES(COUNTRY_ID, LANGUAGE_ID) VALUES(168, 24);
INSERT INTO COUNTRY_LANGUAGES(COUNTRY_ID, LANGUAGE_ID) VALUES(168, 99);
INSERT INTO COUNTRY_LANGUAGES(COUNTRY_ID, LANGUAGE_ID) VALUES(169, 2);
INSERT INTO COUNTRY_LANGUAGES(COUNTRY_ID, LANGUAGE_ID) VALUES(170, 119);
INSERT INTO COUNTRY_LANGUAGES(COUNTRY_ID, LANGUAGE_ID) VALUES(171, 24);
INSERT INTO COUNTRY_LANGUAGES(COUNTRY_ID, LANGUAGE_ID) VALUES(171, 44);
INSERT INTO COUNTRY_LANGUAGES(COUNTRY_ID, LANGUAGE_ID) VALUES(171, 133);
INSERT INTO COUNTRY_LANGUAGES(COUNTRY_ID, LANGUAGE_ID) VALUES(172, 37);
INSERT INTO COUNTRY_LANGUAGES(COUNTRY_ID, LANGUAGE_ID) VALUES(172, 119);
INSERT INTO COUNTRY_LANGUAGES(COUNTRY_ID, LANGUAGE_ID) VALUES(173, 4);
INSERT INTO COUNTRY_LANGUAGES(COUNTRY_ID, LANGUAGE_ID) VALUES(173, 105);
INSERT INTO COUNTRY_LANGUAGES(COUNTRY_ID, LANGUAGE_ID) VALUES(173, 119);
INSERT INTO COUNTRY_LANGUAGES(COUNTRY_ID, LANGUAGE_ID) VALUES(174, 24);
INSERT INTO COUNTRY_LANGUAGES(COUNTRY_ID, LANGUAGE_ID) VALUES(174, 30);
INSERT INTO COUNTRY_LANGUAGES(COUNTRY_ID, LANGUAGE_ID) VALUES(175, 24);
INSERT INTO COUNTRY_LANGUAGES(COUNTRY_ID, LANGUAGE_ID) VALUES(176, 101);
INSERT INTO COUNTRY_LANGUAGES(COUNTRY_ID, LANGUAGE_ID) VALUES(177, 102);
INSERT INTO COUNTRY_LANGUAGES(COUNTRY_ID, LANGUAGE_ID) VALUES(178, 24);
INSERT INTO COUNTRY_LANGUAGES(COUNTRY_ID, LANGUAGE_ID) VALUES(178, 119);
INSERT INTO COUNTRY_LANGUAGES(COUNTRY_ID, LANGUAGE_ID) VALUES(179, 2);
INSERT INTO COUNTRY_LANGUAGES(COUNTRY_ID, LANGUAGE_ID) VALUES(180, 120);
INSERT INTO COUNTRY_LANGUAGES(COUNTRY_ID, LANGUAGE_ID) VALUES(180, 121);
INSERT INTO COUNTRY_LANGUAGES(COUNTRY_ID, LANGUAGE_ID) VALUES(181, 32);
INSERT INTO COUNTRY_LANGUAGES(COUNTRY_ID, LANGUAGE_ID) VALUES(182, 108);
INSERT INTO COUNTRY_LANGUAGES(COUNTRY_ID, LANGUAGE_ID) VALUES(183, 110);
INSERT INTO COUNTRY_LANGUAGES(COUNTRY_ID, LANGUAGE_ID) VALUES(184, 24);
INSERT INTO COUNTRY_LANGUAGES(COUNTRY_ID, LANGUAGE_ID) VALUES(184, 32);
INSERT INTO COUNTRY_LANGUAGES(COUNTRY_ID, LANGUAGE_ID) VALUES(184, 59);
INSERT INTO COUNTRY_LANGUAGES(COUNTRY_ID, LANGUAGE_ID) VALUES(185, 32);
INSERT INTO COUNTRY_LANGUAGES(COUNTRY_ID, LANGUAGE_ID) VALUES(186, 24);
INSERT INTO COUNTRY_LANGUAGES(COUNTRY_ID, LANGUAGE_ID) VALUES(187, 24);
INSERT INTO COUNTRY_LANGUAGES(COUNTRY_ID, LANGUAGE_ID) VALUES(188, 24);
INSERT INTO COUNTRY_LANGUAGES(COUNTRY_ID, LANGUAGE_ID) VALUES(189, 32);
INSERT INTO COUNTRY_LANGUAGES(COUNTRY_ID, LANGUAGE_ID) VALUES(190, 32);
INSERT INTO COUNTRY_LANGUAGES(COUNTRY_ID, LANGUAGE_ID) VALUES(191, 24);
INSERT INTO COUNTRY_LANGUAGES(COUNTRY_ID, LANGUAGE_ID) VALUES(192, 24);
INSERT INTO COUNTRY_LANGUAGES(COUNTRY_ID, LANGUAGE_ID) VALUES(192, 115);
INSERT INTO COUNTRY_LANGUAGES(COUNTRY_ID, LANGUAGE_ID) VALUES(193, 50);
INSERT INTO COUNTRY_LANGUAGES(COUNTRY_ID, LANGUAGE_ID) VALUES(194, 102);
INSERT INTO COUNTRY_LANGUAGES(COUNTRY_ID, LANGUAGE_ID) VALUES(195, 2);
INSERT INTO COUNTRY_LANGUAGES(COUNTRY_ID, LANGUAGE_ID) VALUES(196, 32);
INSERT INTO COUNTRY_LANGUAGES(COUNTRY_ID, LANGUAGE_ID) VALUES(197, 121);
INSERT INTO COUNTRY_LANGUAGES(COUNTRY_ID, LANGUAGE_ID) VALUES(198, 18);
INSERT INTO COUNTRY_LANGUAGES(COUNTRY_ID, LANGUAGE_ID) VALUES(198, 24);
INSERT INTO COUNTRY_LANGUAGES(COUNTRY_ID, LANGUAGE_ID) VALUES(198, 32);
INSERT INTO COUNTRY_LANGUAGES(COUNTRY_ID, LANGUAGE_ID) VALUES(199, 24);
INSERT INTO COUNTRY_LANGUAGES(COUNTRY_ID, LANGUAGE_ID) VALUES(200, 17);
INSERT INTO COUNTRY_LANGUAGES(COUNTRY_ID, LANGUAGE_ID) VALUES(200, 24);
INSERT INTO COUNTRY_LANGUAGES(COUNTRY_ID, LANGUAGE_ID) VALUES(200, 81);
INSERT INTO COUNTRY_LANGUAGES(COUNTRY_ID, LANGUAGE_ID) VALUES(200, 125);
INSERT INTO COUNTRY_LANGUAGES(COUNTRY_ID, LANGUAGE_ID) VALUES(201, 24);
INSERT INTO COUNTRY_LANGUAGES(COUNTRY_ID, LANGUAGE_ID) VALUES(201, 32);
INSERT INTO COUNTRY_LANGUAGES(COUNTRY_ID, LANGUAGE_ID) VALUES(201, 90);
INSERT INTO COUNTRY_LANGUAGES(COUNTRY_ID, LANGUAGE_ID) VALUES(202, 113);
INSERT INTO COUNTRY_LANGUAGES(COUNTRY_ID, LANGUAGE_ID) VALUES(203, 114);
INSERT INTO COUNTRY_LANGUAGES(COUNTRY_ID, LANGUAGE_ID) VALUES(204, 24);
INSERT INTO COUNTRY_LANGUAGES(COUNTRY_ID, LANGUAGE_ID) VALUES(205, 2);
INSERT INTO COUNTRY_LANGUAGES(COUNTRY_ID, LANGUAGE_ID) VALUES(205, 117);
INSERT INTO COUNTRY_LANGUAGES(COUNTRY_ID, LANGUAGE_ID) VALUES(206, 0);
INSERT INTO COUNTRY_LANGUAGES(COUNTRY_ID, LANGUAGE_ID) VALUES(206, 24);
INSERT INTO COUNTRY_LANGUAGES(COUNTRY_ID, LANGUAGE_ID) VALUES(206, 84);
INSERT INTO COUNTRY_LANGUAGES(COUNTRY_ID, LANGUAGE_ID) VALUES(206, 94);
INSERT INTO COUNTRY_LANGUAGES(COUNTRY_ID, LANGUAGE_ID) VALUES(206, 118);
INSERT INTO COUNTRY_LANGUAGES(COUNTRY_ID, LANGUAGE_ID) VALUES(206, 122);
INSERT INTO COUNTRY_LANGUAGES(COUNTRY_ID, LANGUAGE_ID) VALUES(206, 134);
INSERT INTO COUNTRY_LANGUAGES(COUNTRY_ID, LANGUAGE_ID) VALUES(206, 135);
INSERT INTO COUNTRY_LANGUAGES(COUNTRY_ID, LANGUAGE_ID) VALUES(206, 142);
INSERT INTO COUNTRY_LANGUAGES(COUNTRY_ID, LANGUAGE_ID) VALUES(206, 144);
INSERT INTO COUNTRY_LANGUAGES(COUNTRY_ID, LANGUAGE_ID) VALUES(206, 148);
INSERT INTO COUNTRY_LANGUAGES(COUNTRY_ID, LANGUAGE_ID) VALUES(207, 24);
INSERT INTO COUNTRY_LANGUAGES(COUNTRY_ID, LANGUAGE_ID) VALUES(208, 62);
INSERT INTO COUNTRY_LANGUAGES(COUNTRY_ID, LANGUAGE_ID) VALUES(209, 24);
INSERT INTO COUNTRY_LANGUAGES(COUNTRY_ID, LANGUAGE_ID) VALUES(210, 14);
INSERT INTO COUNTRY_LANGUAGES(COUNTRY_ID, LANGUAGE_ID) VALUES(210, 26);
INSERT INTO COUNTRY_LANGUAGES(COUNTRY_ID, LANGUAGE_ID) VALUES(210, 35);
INSERT INTO COUNTRY_LANGUAGES(COUNTRY_ID, LANGUAGE_ID) VALUES(210, 97);
INSERT INTO COUNTRY_LANGUAGES(COUNTRY_ID, LANGUAGE_ID) VALUES(210, 119);
INSERT INTO COUNTRY_LANGUAGES(COUNTRY_ID, LANGUAGE_ID) VALUES(211, 112);
INSERT INTO COUNTRY_LANGUAGES(COUNTRY_ID, LANGUAGE_ID) VALUES(211, 125);
INSERT INTO COUNTRY_LANGUAGES(COUNTRY_ID, LANGUAGE_ID) VALUES(212, 2);
INSERT INTO COUNTRY_LANGUAGES(COUNTRY_ID, LANGUAGE_ID) VALUES(212, 24);
INSERT INTO COUNTRY_LANGUAGES(COUNTRY_ID, LANGUAGE_ID) VALUES(213, 90);
INSERT INTO COUNTRY_LANGUAGES(COUNTRY_ID, LANGUAGE_ID) VALUES(214, 93);
INSERT INTO COUNTRY_LANGUAGES(COUNTRY_ID, LANGUAGE_ID) VALUES(215, 24);
INSERT INTO COUNTRY_LANGUAGES(COUNTRY_ID, LANGUAGE_ID) VALUES(215, 122);
INSERT INTO COUNTRY_LANGUAGES(COUNTRY_ID, LANGUAGE_ID) VALUES(216, 124);
INSERT INTO COUNTRY_LANGUAGES(COUNTRY_ID, LANGUAGE_ID) VALUES(217, 20);
INSERT INTO COUNTRY_LANGUAGES(COUNTRY_ID, LANGUAGE_ID) VALUES(217, 32);
INSERT INTO COUNTRY_LANGUAGES(COUNTRY_ID, LANGUAGE_ID) VALUES(217, 50);
INSERT INTO COUNTRY_LANGUAGES(COUNTRY_ID, LANGUAGE_ID) VALUES(217, 107);
INSERT INTO COUNTRY_LANGUAGES(COUNTRY_ID, LANGUAGE_ID) VALUES(218, 2);
INSERT INTO COUNTRY_LANGUAGES(COUNTRY_ID, LANGUAGE_ID) VALUES(219, 17);
INSERT INTO COUNTRY_LANGUAGES(COUNTRY_ID, LANGUAGE_ID) VALUES(220, 110);
INSERT INTO COUNTRY_LANGUAGES(COUNTRY_ID, LANGUAGE_ID) VALUES(220, 127);
INSERT INTO COUNTRY_LANGUAGES(COUNTRY_ID, LANGUAGE_ID) VALUES(221, 24);
INSERT INTO COUNTRY_LANGUAGES(COUNTRY_ID, LANGUAGE_ID) VALUES(221, 123);
INSERT INTO COUNTRY_LANGUAGES(COUNTRY_ID, LANGUAGE_ID) VALUES(222, 128);
INSERT INTO COUNTRY_LANGUAGES(COUNTRY_ID, LANGUAGE_ID) VALUES(223, 102);
INSERT INTO COUNTRY_LANGUAGES(COUNTRY_ID, LANGUAGE_ID) VALUES(223, 126);
INSERT INTO COUNTRY_LANGUAGES(COUNTRY_ID, LANGUAGE_ID) VALUES(224, 32);
INSERT INTO COUNTRY_LANGUAGES(COUNTRY_ID, LANGUAGE_ID) VALUES(225, 24);
INSERT INTO COUNTRY_LANGUAGES(COUNTRY_ID, LANGUAGE_ID) VALUES(225, 115);
INSERT INTO COUNTRY_LANGUAGES(COUNTRY_ID, LANGUAGE_ID) VALUES(225, 130);
INSERT INTO COUNTRY_LANGUAGES(COUNTRY_ID, LANGUAGE_ID) VALUES(226, 24);
INSERT INTO COUNTRY_LANGUAGES(COUNTRY_ID, LANGUAGE_ID) VALUES(226, 132);
INSERT INTO COUNTRY_LANGUAGES(COUNTRY_ID, LANGUAGE_ID) VALUES(227, 24);
INSERT INTO COUNTRY_LANGUAGES(COUNTRY_ID, LANGUAGE_ID) VALUES(228, 2);
INSERT INTO COUNTRY_LANGUAGES(COUNTRY_ID, LANGUAGE_ID) VALUES(229, 137);
INSERT INTO COUNTRY_LANGUAGES(COUNTRY_ID, LANGUAGE_ID) VALUES(230, 110);
INSERT INTO COUNTRY_LANGUAGES(COUNTRY_ID, LANGUAGE_ID) VALUES(230, 136);
INSERT INTO COUNTRY_LANGUAGES(COUNTRY_ID, LANGUAGE_ID) VALUES(231, 24);
INSERT INTO COUNTRY_LANGUAGES(COUNTRY_ID, LANGUAGE_ID) VALUES(232, 24);
INSERT INTO COUNTRY_LANGUAGES(COUNTRY_ID, LANGUAGE_ID) VALUES(232, 138);
INSERT INTO COUNTRY_LANGUAGES(COUNTRY_ID, LANGUAGE_ID) VALUES(233, 24);
INSERT INTO COUNTRY_LANGUAGES(COUNTRY_ID, LANGUAGE_ID) VALUES(233, 123);
INSERT INTO COUNTRY_LANGUAGES(COUNTRY_ID, LANGUAGE_ID) VALUES(234, 139);
INSERT INTO COUNTRY_LANGUAGES(COUNTRY_ID, LANGUAGE_ID) VALUES(235, 2);
INSERT INTO COUNTRY_LANGUAGES(COUNTRY_ID, LANGUAGE_ID) VALUES(236, 24);
INSERT INTO COUNTRY_LANGUAGES(COUNTRY_ID, LANGUAGE_ID) VALUES(237, 24);
INSERT INTO COUNTRY_LANGUAGES(COUNTRY_ID, LANGUAGE_ID) VALUES(238, 24);
INSERT INTO COUNTRY_LANGUAGES(COUNTRY_ID, LANGUAGE_ID) VALUES(239, 24);
INSERT INTO COUNTRY_LANGUAGES(COUNTRY_ID, LANGUAGE_ID) VALUES(240, 119);
INSERT INTO COUNTRY_LANGUAGES(COUNTRY_ID, LANGUAGE_ID) VALUES(241, 110);
INSERT INTO COUNTRY_LANGUAGES(COUNTRY_ID, LANGUAGE_ID) VALUES(241, 141);
INSERT INTO COUNTRY_LANGUAGES(COUNTRY_ID, LANGUAGE_ID) VALUES(242, 9);
INSERT INTO COUNTRY_LANGUAGES(COUNTRY_ID, LANGUAGE_ID) VALUES(242, 24);
INSERT INTO COUNTRY_LANGUAGES(COUNTRY_ID, LANGUAGE_ID) VALUES(242, 32);
INSERT INTO COUNTRY_LANGUAGES(COUNTRY_ID, LANGUAGE_ID) VALUES(243, 119);
INSERT INTO COUNTRY_LANGUAGES(COUNTRY_ID, LANGUAGE_ID) VALUES(244, 143);
INSERT INTO COUNTRY_LANGUAGES(COUNTRY_ID, LANGUAGE_ID) VALUES(245, 32);
INSERT INTO COUNTRY_LANGUAGES(COUNTRY_ID, LANGUAGE_ID) VALUES(246, 8);
INSERT INTO COUNTRY_LANGUAGES(COUNTRY_ID, LANGUAGE_ID) VALUES(246, 74);
INSERT INTO COUNTRY_LANGUAGES(COUNTRY_ID, LANGUAGE_ID) VALUES(246, 119);
INSERT INTO COUNTRY_LANGUAGES(COUNTRY_ID, LANGUAGE_ID) VALUES(247, 2);
INSERT INTO COUNTRY_LANGUAGES(COUNTRY_ID, LANGUAGE_ID) VALUES(248, 24);
INSERT INTO COUNTRY_LANGUAGES(COUNTRY_ID, LANGUAGE_ID) VALUES(249, 12);
INSERT INTO COUNTRY_LANGUAGES(COUNTRY_ID, LANGUAGE_ID) VALUES(249, 24);
INSERT INTO COUNTRY_LANGUAGES(COUNTRY_ID, LANGUAGE_ID) VALUES(249, 56);
INSERT INTO COUNTRY_LANGUAGES(COUNTRY_ID, LANGUAGE_ID) VALUES(249, 57);
INSERT INTO COUNTRY_LANGUAGES(COUNTRY_ID, LANGUAGE_ID) VALUES(249, 85);
INSERT INTO COUNTRY_LANGUAGES(COUNTRY_ID, LANGUAGE_ID) VALUES(249, 86);
INSERT INTO COUNTRY_LANGUAGES(COUNTRY_ID, LANGUAGE_ID) VALUES(249, 95);
INSERT INTO COUNTRY_LANGUAGES(COUNTRY_ID, LANGUAGE_ID) VALUES(249, 116);
INSERT INTO COUNTRY_LANGUAGES(COUNTRY_ID, LANGUAGE_ID) VALUES(249, 118);
INSERT INTO COUNTRY_LANGUAGES(COUNTRY_ID, LANGUAGE_ID) VALUES(249, 131);
INSERT INTO COUNTRY_LANGUAGES(COUNTRY_ID, LANGUAGE_ID) VALUES(249, 134);
INSERT INTO COUNTRY_LANGUAGES(COUNTRY_ID, LANGUAGE_ID) VALUES(249, 135);
INSERT INTO COUNTRY_LANGUAGES(COUNTRY_ID, LANGUAGE_ID) VALUES(249, 142);
INSERT INTO COUNTRY_LANGUAGES(COUNTRY_ID, LANGUAGE_ID) VALUES(249, 144);
INSERT INTO COUNTRY_LANGUAGES(COUNTRY_ID, LANGUAGE_ID) VALUES(249, 147);


INSERT INTO CITY(NAME, COUNTRY_ID) VALUES ('Kabul', 0);
INSERT INTO CITY(NAME, COUNTRY_ID) VALUES ('Mariehamn', 1);
INSERT INTO CITY(NAME, COUNTRY_ID) VALUES ('Tirana', 2);
INSERT INTO CITY(NAME, COUNTRY_ID) VALUES ('Algiers', 3);
INSERT INTO CITY(NAME, COUNTRY_ID) VALUES ('Pago Pago', 4);
INSERT INTO CITY(NAME, COUNTRY_ID) VALUES ('Andorra la Vella', 5);
INSERT INTO CITY(NAME, COUNTRY_ID) VALUES ('Luanda', 6);
INSERT INTO CITY(NAME, COUNTRY_ID) VALUES ('The Valley', 7);
INSERT INTO CITY(NAME, COUNTRY_ID) VALUES ('Saint John''s', 9);
INSERT INTO CITY(NAME, COUNTRY_ID) VALUES ('Buenos Aires', 10);
INSERT INTO CITY(NAME, COUNTRY_ID) VALUES ('Yerevan', 11);
INSERT INTO CITY(NAME, COUNTRY_ID) VALUES ('Oranjestad', 12);
INSERT INTO CITY(NAME, COUNTRY_ID) VALUES ('Canberra', 13);
INSERT INTO CITY(NAME, COUNTRY_ID) VALUES ('Vienna', 14);
INSERT INTO CITY(NAME, COUNTRY_ID) VALUES ('Baku', 15);
INSERT INTO CITY(NAME, COUNTRY_ID) VALUES ('Nassau', 16);
INSERT INTO CITY(NAME, COUNTRY_ID) VALUES ('Manama', 17);
INSERT INTO CITY(NAME, COUNTRY_ID) VALUES ('Dhaka', 18);
INSERT INTO CITY(NAME, COUNTRY_ID) VALUES ('Bridgetown', 19);
INSERT INTO CITY(NAME, COUNTRY_ID) VALUES ('Minsk', 20);
INSERT INTO CITY(NAME, COUNTRY_ID) VALUES ('Brussels', 21);
INSERT INTO CITY(NAME, COUNTRY_ID) VALUES ('Belmopan', 22);
INSERT INTO CITY(NAME, COUNTRY_ID) VALUES ('Porto-Novo', 23);
INSERT INTO CITY(NAME, COUNTRY_ID) VALUES ('Hamilton', 24);
INSERT INTO CITY(NAME, COUNTRY_ID) VALUES ('Thimphu', 25);
INSERT INTO CITY(NAME, COUNTRY_ID) VALUES ('Sucre', 26);
INSERT INTO CITY(NAME, COUNTRY_ID) VALUES ('Kralendijk', 27);
INSERT INTO CITY(NAME, COUNTRY_ID) VALUES ('Sarajevo', 28);
INSERT INTO CITY(NAME, COUNTRY_ID) VALUES ('Gaborone', 29);
INSERT INTO CITY(NAME, COUNTRY_ID) VALUES ('Brasília', 31);
INSERT INTO CITY(NAME, COUNTRY_ID) VALUES ('Diego Garcia', 32);
INSERT INTO CITY(NAME, COUNTRY_ID) VALUES ('Road Town', 33);
INSERT INTO CITY(NAME, COUNTRY_ID) VALUES ('Bandar Seri Begawan', 34);
INSERT INTO CITY(NAME, COUNTRY_ID) VALUES ('Sofia', 35);
INSERT INTO CITY(NAME, COUNTRY_ID) VALUES ('Ouagadougou', 36);
INSERT INTO CITY(NAME, COUNTRY_ID) VALUES ('Bujumbura', 37);
INSERT INTO CITY(NAME, COUNTRY_ID) VALUES ('Phnom Penh', 38);
INSERT INTO CITY(NAME, COUNTRY_ID) VALUES ('Yaoundé', 39);
INSERT INTO CITY(NAME, COUNTRY_ID) VALUES ('Ottawa', 40);
INSERT INTO CITY(NAME, COUNTRY_ID) VALUES ('Praia', 41);
INSERT INTO CITY(NAME, COUNTRY_ID) VALUES ('George Town', 42);
INSERT INTO CITY(NAME, COUNTRY_ID) VALUES ('Bangui', 43);
INSERT INTO CITY(NAME, COUNTRY_ID) VALUES ('N''Djamena', 44);
INSERT INTO CITY(NAME, COUNTRY_ID) VALUES ('Santiago', 45);
INSERT INTO CITY(NAME, COUNTRY_ID) VALUES ('Beijing', 46);
INSERT INTO CITY(NAME, COUNTRY_ID) VALUES ('Flying Fish Cove', 47);
INSERT INTO CITY(NAME, COUNTRY_ID) VALUES ('West Island', 48);
INSERT INTO CITY(NAME, COUNTRY_ID) VALUES ('Bogotá', 49);
INSERT INTO CITY(NAME, COUNTRY_ID) VALUES ('Moroni', 50);
INSERT INTO CITY(NAME, COUNTRY_ID) VALUES ('Brazzaville', 51);
INSERT INTO CITY(NAME, COUNTRY_ID) VALUES ('Kinshasa', 52);
INSERT INTO CITY(NAME, COUNTRY_ID) VALUES ('Avarua', 53);
INSERT INTO CITY(NAME, COUNTRY_ID) VALUES ('San José', 54);
INSERT INTO CITY(NAME, COUNTRY_ID) VALUES ('Zagreb', 55);
INSERT INTO CITY(NAME, COUNTRY_ID) VALUES ('Havana', 56);
INSERT INTO CITY(NAME, COUNTRY_ID) VALUES ('Willemstad', 57);
INSERT INTO CITY(NAME, COUNTRY_ID) VALUES ('Nicosia', 58);
INSERT INTO CITY(NAME, COUNTRY_ID) VALUES ('Prague', 59);
INSERT INTO CITY(NAME, COUNTRY_ID) VALUES ('Copenhagen', 60);
INSERT INTO CITY(NAME, COUNTRY_ID) VALUES ('Djibouti', 61);
INSERT INTO CITY(NAME, COUNTRY_ID) VALUES ('Roseau', 62);
INSERT INTO CITY(NAME, COUNTRY_ID) VALUES ('Santo Domingo', 63);
INSERT INTO CITY(NAME, COUNTRY_ID) VALUES ('Quito', 64);
INSERT INTO CITY(NAME, COUNTRY_ID) VALUES ('Cairo', 65);
INSERT INTO CITY(NAME, COUNTRY_ID) VALUES ('San Salvador', 66);
INSERT INTO CITY(NAME, COUNTRY_ID) VALUES ('Malabo', 67);
INSERT INTO CITY(NAME, COUNTRY_ID) VALUES ('Asmara', 68);
INSERT INTO CITY(NAME, COUNTRY_ID) VALUES ('Tallinn', 69);
INSERT INTO CITY(NAME, COUNTRY_ID) VALUES ('Addis Ababa', 70);
INSERT INTO CITY(NAME, COUNTRY_ID) VALUES ('Stanley', 71);
INSERT INTO CITY(NAME, COUNTRY_ID) VALUES ('Tórshavn', 72);
INSERT INTO CITY(NAME, COUNTRY_ID) VALUES ('Suva', 73);
INSERT INTO CITY(NAME, COUNTRY_ID) VALUES ('Helsinki', 74);
INSERT INTO CITY(NAME, COUNTRY_ID) VALUES ('Paris', 75);
INSERT INTO CITY(NAME, COUNTRY_ID) VALUES ('Cayenne', 76);
INSERT INTO CITY(NAME, COUNTRY_ID) VALUES ('Papeetē', 77);
INSERT INTO CITY(NAME, COUNTRY_ID) VALUES ('Port-aux-Français', 78);
INSERT INTO CITY(NAME, COUNTRY_ID) VALUES ('Libreville', 79);
INSERT INTO CITY(NAME, COUNTRY_ID) VALUES ('Banjul', 80);
INSERT INTO CITY(NAME, COUNTRY_ID) VALUES ('Tbilisi', 81);
INSERT INTO CITY(NAME, COUNTRY_ID) VALUES ('Berlin', 82);
INSERT INTO CITY(NAME, COUNTRY_ID) VALUES ('Accra', 83);
INSERT INTO CITY(NAME, COUNTRY_ID) VALUES ('Gibraltar', 84);
INSERT INTO CITY(NAME, COUNTRY_ID) VALUES ('Athens', 85);
INSERT INTO CITY(NAME, COUNTRY_ID) VALUES ('Nuuk', 86);
INSERT INTO CITY(NAME, COUNTRY_ID) VALUES ('St. George''s', 87);
INSERT INTO CITY(NAME, COUNTRY_ID) VALUES ('Basse-Terre', 88);
INSERT INTO CITY(NAME, COUNTRY_ID) VALUES ('Hagåtña', 89);
INSERT INTO CITY(NAME, COUNTRY_ID) VALUES ('Guatemala City', 90);
INSERT INTO CITY(NAME, COUNTRY_ID) VALUES ('St. Peter Port', 91);
INSERT INTO CITY(NAME, COUNTRY_ID) VALUES ('Conakry', 92);
INSERT INTO CITY(NAME, COUNTRY_ID) VALUES ('Bissau', 93);
INSERT INTO CITY(NAME, COUNTRY_ID) VALUES ('Georgetown', 94);
INSERT INTO CITY(NAME, COUNTRY_ID) VALUES ('Port-au-Prince', 95);
INSERT INTO CITY(NAME, COUNTRY_ID) VALUES ('Vatican City', 97);
INSERT INTO CITY(NAME, COUNTRY_ID) VALUES ('Tegucigalpa', 98);
INSERT INTO CITY(NAME, COUNTRY_ID) VALUES ('City of Victoria', 99);
INSERT INTO CITY(NAME, COUNTRY_ID) VALUES ('Budapest', 100);
INSERT INTO CITY(NAME, COUNTRY_ID) VALUES ('Reykjavik', 101);
INSERT INTO CITY(NAME, COUNTRY_ID) VALUES ('New Delhi', 102);
INSERT INTO CITY(NAME, COUNTRY_ID) VALUES ('Jakarta', 103);
INSERT INTO CITY(NAME, COUNTRY_ID) VALUES ('Yamoussoukro', 104);
INSERT INTO CITY(NAME, COUNTRY_ID) VALUES ('Tehran', 105);
INSERT INTO CITY(NAME, COUNTRY_ID) VALUES ('Baghdad', 106);
INSERT INTO CITY(NAME, COUNTRY_ID) VALUES ('Dublin', 107);
INSERT INTO CITY(NAME, COUNTRY_ID) VALUES ('Douglas', 108);
INSERT INTO CITY(NAME, COUNTRY_ID) VALUES ('Jerusalem', 109);
INSERT INTO CITY(NAME, COUNTRY_ID) VALUES ('Rome', 110);
INSERT INTO CITY(NAME, COUNTRY_ID) VALUES ('Kingston', 111);
INSERT INTO CITY(NAME, COUNTRY_ID) VALUES ('Tokyo', 112);
INSERT INTO CITY(NAME, COUNTRY_ID) VALUES ('Saint Helier', 113);
INSERT INTO CITY(NAME, COUNTRY_ID) VALUES ('Amman', 114);
INSERT INTO CITY(NAME, COUNTRY_ID) VALUES ('Astana', 115);
INSERT INTO CITY(NAME, COUNTRY_ID) VALUES ('Nairobi', 116);
INSERT INTO CITY(NAME, COUNTRY_ID) VALUES ('South Tarawa', 117);
INSERT INTO CITY(NAME, COUNTRY_ID) VALUES ('Kuwait City', 118);
INSERT INTO CITY(NAME, COUNTRY_ID) VALUES ('Bishkek', 119);
INSERT INTO CITY(NAME, COUNTRY_ID) VALUES ('Vientiane', 120);
INSERT INTO CITY(NAME, COUNTRY_ID) VALUES ('Riga', 121);
INSERT INTO CITY(NAME, COUNTRY_ID) VALUES ('Beirut', 122);
INSERT INTO CITY(NAME, COUNTRY_ID) VALUES ('Maseru', 123);
INSERT INTO CITY(NAME, COUNTRY_ID) VALUES ('Monrovia', 124);
INSERT INTO CITY(NAME, COUNTRY_ID) VALUES ('Tripoli', 125);
INSERT INTO CITY(NAME, COUNTRY_ID) VALUES ('Vaduz', 126);
INSERT INTO CITY(NAME, COUNTRY_ID) VALUES ('Vilnius', 127);
INSERT INTO CITY(NAME, COUNTRY_ID) VALUES ('Luxembourg', 128);
INSERT INTO CITY(NAME, COUNTRY_ID) VALUES ('Skopje', 130);
INSERT INTO CITY(NAME, COUNTRY_ID) VALUES ('Antananarivo', 131);
INSERT INTO CITY(NAME, COUNTRY_ID) VALUES ('Lilongwe', 132);
INSERT INTO CITY(NAME, COUNTRY_ID) VALUES ('Kuala Lumpur', 133);
INSERT INTO CITY(NAME, COUNTRY_ID) VALUES ('Malé', 134);
INSERT INTO CITY(NAME, COUNTRY_ID) VALUES ('Bamako', 135);
INSERT INTO CITY(NAME, COUNTRY_ID) VALUES ('Valletta', 136);
INSERT INTO CITY(NAME, COUNTRY_ID) VALUES ('Majuro', 137);
INSERT INTO CITY(NAME, COUNTRY_ID) VALUES ('Fort-de-France', 138);
INSERT INTO CITY(NAME, COUNTRY_ID) VALUES ('Nouakchott', 139);
INSERT INTO CITY(NAME, COUNTRY_ID) VALUES ('Port Louis', 140);
INSERT INTO CITY(NAME, COUNTRY_ID) VALUES ('Mamoudzou', 141);
INSERT INTO CITY(NAME, COUNTRY_ID) VALUES ('Mexico City', 142);
INSERT INTO CITY(NAME, COUNTRY_ID) VALUES ('Palikir', 143);
INSERT INTO CITY(NAME, COUNTRY_ID) VALUES ('Chișinău', 144);
INSERT INTO CITY(NAME, COUNTRY_ID) VALUES ('Monaco', 145);
INSERT INTO CITY(NAME, COUNTRY_ID) VALUES ('Ulan Bator', 146);
INSERT INTO CITY(NAME, COUNTRY_ID) VALUES ('Podgorica', 147);
INSERT INTO CITY(NAME, COUNTRY_ID) VALUES ('Plymouth', 148);
INSERT INTO CITY(NAME, COUNTRY_ID) VALUES ('Rabat', 149);
INSERT INTO CITY(NAME, COUNTRY_ID) VALUES ('Maputo', 150);
INSERT INTO CITY(NAME, COUNTRY_ID) VALUES ('Naypyidaw', 151);
INSERT INTO CITY(NAME, COUNTRY_ID) VALUES ('Windhoek', 152);
INSERT INTO CITY(NAME, COUNTRY_ID) VALUES ('Yaren', 153);
INSERT INTO CITY(NAME, COUNTRY_ID) VALUES ('Kathmandu', 154);
INSERT INTO CITY(NAME, COUNTRY_ID) VALUES ('Amsterdam', 155);
INSERT INTO CITY(NAME, COUNTRY_ID) VALUES ('Nouméa', 156);
INSERT INTO CITY(NAME, COUNTRY_ID) VALUES ('Wellington', 157);
INSERT INTO CITY(NAME, COUNTRY_ID) VALUES ('Managua', 158);
INSERT INTO CITY(NAME, COUNTRY_ID) VALUES ('Niamey', 159);
INSERT INTO CITY(NAME, COUNTRY_ID) VALUES ('Abuja', 160);
INSERT INTO CITY(NAME, COUNTRY_ID) VALUES ('Alofi', 161);
INSERT INTO CITY(NAME, COUNTRY_ID) VALUES ('Kingston', 162);
INSERT INTO CITY(NAME, COUNTRY_ID) VALUES ('Pyongyang', 163);
INSERT INTO CITY(NAME, COUNTRY_ID) VALUES ('Saipan', 164);
INSERT INTO CITY(NAME, COUNTRY_ID) VALUES ('Oslo', 165);
INSERT INTO CITY(NAME, COUNTRY_ID) VALUES ('Muscat', 166);
INSERT INTO CITY(NAME, COUNTRY_ID) VALUES ('Islamabad', 167);
INSERT INTO CITY(NAME, COUNTRY_ID) VALUES ('Ngerulmud', 168);
INSERT INTO CITY(NAME, COUNTRY_ID) VALUES ('Ramallah', 169);
INSERT INTO CITY(NAME, COUNTRY_ID) VALUES ('Panama City', 170);
INSERT INTO CITY(NAME, COUNTRY_ID) VALUES ('Port Moresby', 171);
INSERT INTO CITY(NAME, COUNTRY_ID) VALUES ('Asunción', 172);
INSERT INTO CITY(NAME, COUNTRY_ID) VALUES ('Lima', 173);
INSERT INTO CITY(NAME, COUNTRY_ID) VALUES ('Manila', 174);
INSERT INTO CITY(NAME, COUNTRY_ID) VALUES ('Adamstown', 175);
INSERT INTO CITY(NAME, COUNTRY_ID) VALUES ('Warsaw', 176);
INSERT INTO CITY(NAME, COUNTRY_ID) VALUES ('Lisbon', 177);
INSERT INTO CITY(NAME, COUNTRY_ID) VALUES ('San Juan', 178);
INSERT INTO CITY(NAME, COUNTRY_ID) VALUES ('Doha', 179);
INSERT INTO CITY(NAME, COUNTRY_ID) VALUES ('Pristina', 180);
INSERT INTO CITY(NAME, COUNTRY_ID) VALUES ('Saint-Denis', 181);
INSERT INTO CITY(NAME, COUNTRY_ID) VALUES ('Bucharest', 182);
INSERT INTO CITY(NAME, COUNTRY_ID) VALUES ('Moscow', 183);
INSERT INTO CITY(NAME, COUNTRY_ID) VALUES ('Kigali', 184);
INSERT INTO CITY(NAME, COUNTRY_ID) VALUES ('Gustavia', 185);
INSERT INTO CITY(NAME, COUNTRY_ID) VALUES ('Jamestown', 186);
INSERT INTO CITY(NAME, COUNTRY_ID) VALUES ('Basseterre', 187);
INSERT INTO CITY(NAME, COUNTRY_ID) VALUES ('Castries', 188);
INSERT INTO CITY(NAME, COUNTRY_ID) VALUES ('Marigot', 189);
INSERT INTO CITY(NAME, COUNTRY_ID) VALUES ('Saint-Pierre', 190);
INSERT INTO CITY(NAME, COUNTRY_ID) VALUES ('Kingstown', 191);
INSERT INTO CITY(NAME, COUNTRY_ID) VALUES ('Apia', 192);
INSERT INTO CITY(NAME, COUNTRY_ID) VALUES ('City of San Marino', 193);
INSERT INTO CITY(NAME, COUNTRY_ID) VALUES ('São Tomé', 194);
INSERT INTO CITY(NAME, COUNTRY_ID) VALUES ('Riyadh', 195);
INSERT INTO CITY(NAME, COUNTRY_ID) VALUES ('Dakar', 196);
INSERT INTO CITY(NAME, COUNTRY_ID) VALUES ('Belgrade', 197);
INSERT INTO CITY(NAME, COUNTRY_ID) VALUES ('Victoria', 198);
INSERT INTO CITY(NAME, COUNTRY_ID) VALUES ('Freetown', 199);
INSERT INTO CITY(NAME, COUNTRY_ID) VALUES ('Singapore', 200);
INSERT INTO CITY(NAME, COUNTRY_ID) VALUES ('Philipsburg', 201);
INSERT INTO CITY(NAME, COUNTRY_ID) VALUES ('Bratislava', 202);
INSERT INTO CITY(NAME, COUNTRY_ID) VALUES ('Ljubljana', 203);
INSERT INTO CITY(NAME, COUNTRY_ID) VALUES ('Honiara', 204);
INSERT INTO CITY(NAME, COUNTRY_ID) VALUES ('Mogadishu', 205);
INSERT INTO CITY(NAME, COUNTRY_ID) VALUES ('Pretoria', 206);
INSERT INTO CITY(NAME, COUNTRY_ID) VALUES ('King Edward Point', 207);
INSERT INTO CITY(NAME, COUNTRY_ID) VALUES ('Seoul', 208);
INSERT INTO CITY(NAME, COUNTRY_ID) VALUES ('Juba', 209);
INSERT INTO CITY(NAME, COUNTRY_ID) VALUES ('Madrid', 210);
INSERT INTO CITY(NAME, COUNTRY_ID) VALUES ('Colombo', 211);
INSERT INTO CITY(NAME, COUNTRY_ID) VALUES ('Khartoum', 212);
INSERT INTO CITY(NAME, COUNTRY_ID) VALUES ('Paramaribo', 213);
INSERT INTO CITY(NAME, COUNTRY_ID) VALUES ('Longyearbyen', 214);
INSERT INTO CITY(NAME, COUNTRY_ID) VALUES ('Lobamba', 215);
INSERT INTO CITY(NAME, COUNTRY_ID) VALUES ('Stockholm', 216);
INSERT INTO CITY(NAME, COUNTRY_ID) VALUES ('Bern', 217);
INSERT INTO CITY(NAME, COUNTRY_ID) VALUES ('Damascus', 218);
INSERT INTO CITY(NAME, COUNTRY_ID) VALUES ('Taipei', 219);
INSERT INTO CITY(NAME, COUNTRY_ID) VALUES ('Dushanbe', 220);
INSERT INTO CITY(NAME, COUNTRY_ID) VALUES ('Dodoma', 221);
INSERT INTO CITY(NAME, COUNTRY_ID) VALUES ('Bangkok', 222);
INSERT INTO CITY(NAME, COUNTRY_ID) VALUES ('Dili', 223);
INSERT INTO CITY(NAME, COUNTRY_ID) VALUES ('Lomé', 224);
INSERT INTO CITY(NAME, COUNTRY_ID) VALUES ('Fakaofo', 225);
INSERT INTO CITY(NAME, COUNTRY_ID) VALUES ('Nuku''alofa', 226);
INSERT INTO CITY(NAME, COUNTRY_ID) VALUES ('Port of Spain', 227);
INSERT INTO CITY(NAME, COUNTRY_ID) VALUES ('Tunis', 228);
INSERT INTO CITY(NAME, COUNTRY_ID) VALUES ('Ankara', 229);
INSERT INTO CITY(NAME, COUNTRY_ID) VALUES ('Ashgabat', 230);
INSERT INTO CITY(NAME, COUNTRY_ID) VALUES ('Cockburn Town', 231);
INSERT INTO CITY(NAME, COUNTRY_ID) VALUES ('Funafuti', 232);
INSERT INTO CITY(NAME, COUNTRY_ID) VALUES ('Kampala', 233);
INSERT INTO CITY(NAME, COUNTRY_ID) VALUES ('Kiev', 234);
INSERT INTO CITY(NAME, COUNTRY_ID) VALUES ('Abu Dhabi', 235);
INSERT INTO CITY(NAME, COUNTRY_ID) VALUES ('London', 236);
INSERT INTO CITY(NAME, COUNTRY_ID) VALUES ('Washington D.C.', 237);
INSERT INTO CITY(NAME, COUNTRY_ID) VALUES ('Charlotte Amalie', 239);
INSERT INTO CITY(NAME, COUNTRY_ID) VALUES ('Montevideo', 240);
INSERT INTO CITY(NAME, COUNTRY_ID) VALUES ('Tashkent', 241);
INSERT INTO CITY(NAME, COUNTRY_ID) VALUES ('Port Vila', 242);
INSERT INTO CITY(NAME, COUNTRY_ID) VALUES ('Caracas', 243);
INSERT INTO CITY(NAME, COUNTRY_ID) VALUES ('Hanoi', 244);
INSERT INTO CITY(NAME, COUNTRY_ID) VALUES ('Mata-Utu', 245);
INSERT INTO CITY(NAME, COUNTRY_ID) VALUES ('El Aaiún', 246);
INSERT INTO CITY(NAME, COUNTRY_ID) VALUES ('Sana''a', 247);
INSERT INTO CITY(NAME, COUNTRY_ID) VALUES ('Lusaka', 248);
INSERT INTO CITY(NAME, COUNTRY_ID) VALUES ('Harare', 249);